episode,return,epsilon,replay_size,steps,pred_loss
1,-79173.0,0.9986933333333333,2000,2000,0.0000
2,-121585.0,0.9973866666666666,4000,4000,0.0000
3,-114967.0,0.99608,6000,6000,0.0000
4,-190370.0,0.9947733333333333,8000,8000,0.0000
5,-177971.0,0.9934666666666667,10000,10000,0.0000
6,-11589.0,0.9929962666666666,10720,10720,0.0000
7,-68383.0,0.99201104,12228,12228,0.0000
8,-72387.0,0.9915419466666666,12946,12946,0.0000
9,494.0,0.9913871066666666,13183,13183,0.0000
10,-131367.0,0.99008044,15183,15183,0.6770
11,-198571.0,0.9887737733333334,17183,17183,0.6770
12,-147569.0,0.9874671066666667,19183,19183,0.6770
13,-142367.0,0.98616044,21183,21183,0.6770
14,-101169.0,0.9848537733333333,23183,23183,0.6770
15,-99806.0,0.9839802666666667,24520,24520,0.6770
16,-36791.0,0.9835150933333333,25232,25232,0.6770
17,-87663.0,0.9826036933333333,26627,26627,0.6770
18,-94770.0,0.9812970266666666,28627,28627,0.6770
19,-81567.0,0.97999036,30627,30627,0.6770
20,-101676.0,0.9786836933333334,32627,32627,0.6391
21,-71369.0,0.9773770266666667,34627,34627,0.6391
22,-109371.0,0.97607036,36627,36627,0.6391
23,-24116.0,0.9753915466666667,37666,37666,0.6391
24,-184767.0,0.97408488,39666,39666,0.6391
25,-116170.0,0.9727782133333334,41666,41666,0.6391
26,-72569.0,0.9714715466666667,43666,43666,0.6391
27,-81976.0,0.97016488,45666,45666,0.6391
28,-135567.0,0.9688582133333333,47666,47666,0.6391
29,-13034.0,0.9687543333333334,47825,47825,0.6391
30,-182567.0,0.9674476666666667,49825,49825,0.5997
31,-131569.0,0.966141,51825,51825,0.5997
32,-128367.0,0.9648343333333333,53825,53825,0.5997
33,-109270.0,0.9635276666666667,55825,55825,0.5997
34,-4587.0,0.9633238266666667,56137,56137,0.5997
35,-160167.0,0.96201716,58137,58137,0.5997
36,-105767.0,0.9607104933333334,60137,60137,0.5997
37,-104670.0,0.9594038266666667,62137,62137,0.5997
38,-104167.0,0.95809716,64137,64137,0.5997
39,-68526.0,0.9572765733333334,65393,65393,0.5997
40,-111167.0,0.9559699066666667,67393,67393,0.5579
41,-154372.0,0.95466324,69393,69393,0.5579
42,-25130.0,0.9542451066666666,70033,70033,0.5579
43,-154768.0,0.95293844,72033,72033,0.5579
44,-138167.0,0.9516317733333334,74033,74033,0.5579
45,-94575.0,0.9503878266666667,75937,75937,0.5579
46,-66426.0,0.94976324,76893,76893,0.5579
47,-143068.0,0.9484565733333333,78893,78893,0.5579
48,-120767.0,0.9471499066666667,80893,80893,0.5579
49,-105967.0,0.94584324,82893,82893,0.5579
50,-135070.0,0.9445365733333333,84893,84893,0.5178
51,-91323.0,0.9433279066666667,86743,86743,0.5178
52,-20377.0,0.9430025466666667,87241,87241,0.5178
53,-181069.0,0.94169588,89241,89241,0.5178
54,-44816.0,0.9408178,90585,90585,0.5178
55,-154071.0,0.9395111333333334,92585,92585,0.5178
56,-8780.0,0.9393086,92895,92895,0.5178
57,-72183.0,0.9380019333333334,94895,94895,0.5178
58,-94368.0,0.9366952666666667,96895,96895,0.5178
59,-172367.0,0.9353886,98895,98895,0.5178
60,-143569.0,0.9340819333333333,100895,100895,0.4810
61,-57972.0,0.9327752666666667,102895,102895,0.4810
62,-52488.0,0.9314686,104895,104895,0.4810
63,-55771.0,0.9301619333333333,106895,106895,0.4810
64,-30568.0,0.9288552666666666,108895,108895,0.4810
65,-50167.0,0.9275486,110895,110895,0.4810
66,-113567.0,0.9262419333333334,112895,112895,0.4810
67,-75470.0,0.9249352666666667,114895,114895,0.4810
68,-64785.0,0.9236286,116895,116895,0.4810
69,-82171.0,0.9223219333333333,118895,118895,0.4810
70,-68772.0,0.9210152666666667,120895,120895,0.4243
71,-66982.0,0.9197086,122895,122895,0.4243
72,-53176.0,0.9184019333333333,124895,124895,0.4243
73,-44167.0,0.9170952666666666,126895,126895,0.4243
74,-43968.0,0.9157886,128895,128895,0.4243
75,-35173.0,0.9144819333333334,130895,130895,0.4243
76,-58970.0,0.9131752666666667,132895,132895,0.4243
77,-64967.0,0.9118686,134895,134895,0.4243
78,-42372.0,0.9105619333333334,136895,136895,0.4243
79,-13967.0,0.9092552666666667,138895,138895,0.4243
80,-39378.0,0.9079486,140895,140895,0.3634
81,-58767.0,0.9066419333333333,142895,142895,0.3634
82,-77572.0,0.9053352666666666,144895,144895,0.3634
83,-31789.0,0.9040286,146895,146895,0.3634
84,-145388.0,0.9027219333333334,148895,148895,0.3634
85,-46773.0,0.9014152666666667,150895,150895,0.3634
86,-125167.0,0.9001086,152895,152895,0.3634
87,-64568.0,0.8988019333333334,154895,154895,0.3634
88,-47895.0,0.8974952666666667,156895,156895,0.3634
89,-7570.0,0.8961886,158895,158895,0.3634
90,-4567.0,0.8948819333333333,160895,160895,0.3146
91,-12652.0,0.89437168,161676,161676,0.3146
92,-106174.0,0.8930650133333333,163676,163676,0.3146
93,-77973.0,0.8917583466666666,165676,165676,0.3146
94,-62073.0,0.89045168,167676,167676,0.3146
95,-69575.0,0.8891450133333333,169676,169676,0.3146
96,-119370.0,0.8878383466666666,171676,171676,0.3146
97,-5925.0,0.8874097599999999,172332,172332,0.3146
98,-35480.0,0.8861030933333334,174332,174332,0.3146
99,-22975.0,0.8847964266666667,176332,176332,0.3146
100,-71167.0,0.88348976,178332,178332,0.2229
101,-86770.0,0.8821830933333333,180332,180332,0.2229
102,-32670.0,0.8808764266666667,182332,182332,0.2229
103,-3371.0,0.87956976,184332,184332,0.2229
104,-87569.0,0.8782630933333333,186332,186332,0.2229
105,-29779.0,0.8769564266666666,188332,188332,0.2229
106,-9974.0,0.8756497599999999,190332,190332,0.2229
107,-2776.0,0.8743430933333334,192332,192332,0.2229
108,-17567.0,0.8730364266666667,194332,194332,0.2229
109,-47567.0,0.87172976,196332,196332,0.2229
110,-62177.0,0.8704230933333333,198332,198332,0.1556
111,-63478.0,0.8691164266666667,200332,200332,0.1556
112,-61170.0,0.86780976,202332,202332,0.1556
113,-35375.0,0.8665030933333333,204332,204332,0.1556
114,-67971.0,0.8651964266666667,206332,206332,0.1556
115,-13208.0,0.8647136133333333,207071,207071,0.1556
116,-83767.0,0.8634069466666666,209071,209071,0.1556
117,-61167.0,0.8621002799999999,211071,211071,0.1556
118,-3670.0,0.8607936133333334,213071,213071,0.1556
119,-26785.0,0.8594869466666667,215071,215071,0.1556
120,-52786.0,0.85818028,217071,217071,0.1473
121,1947.0,0.8580620266666666,217252,217252,0.1473
122,-52672.0,0.85675536,219252,219252,0.1473
123,-36670.0,0.8554486933333333,221252,221252,0.1473
124,-7280.0,0.8553101866666667,221464,221464,0.1473
125,-68069.0,0.85400352,223464,223464,0.1473
126,-92375.0,0.8526968533333333,225464,225464,0.1473
127,-62781.0,0.8513901866666667,227464,227464,0.1473
128,-21369.0,0.85008352,229464,229464,0.1473
129,-33613.0,0.8488154,231405,231405,0.1473
130,-86570.0,0.8475087333333333,233405,233405,0.1314
131,-73583.0,0.8462020666666666,235405,235405,0.1314
132,1642.0,0.8458956533333334,235874,235874,0.1314
133,-50470.0,0.8445889866666667,237874,237874,0.1314
134,-39367.0,0.84328232,239874,239874,0.1314
135,-31778.0,0.8419756533333334,241874,241874,0.1314
136,-55371.0,0.8406689866666667,243874,243874,0.1314
137,-85367.0,0.83936232,245874,245874,0.1314
138,-30977.0,0.8380556533333333,247874,247874,0.1314
139,-105881.0,0.8367489866666666,249874,249874,0.1314
140,-13283.0,0.83544232,251874,251874,0.0352
141,-83379.0,0.8341356533333333,253874,253874,0.0352
142,-92771.0,0.8328289866666667,255874,255874,0.0352
143,-21772.0,0.8315223199999999,257874,257874,0.0352
144,-73567.0,0.8302156533333334,259874,259874,0.0352
145,-43571.0,0.8289089866666667,261874,261874,0.0352
146,-80169.0,0.82760232,263874,263874,0.0352
147,-17379.0,0.8262956533333333,265874,265874,0.0352
148,-38367.0,0.8249889866666666,267874,267874,0.0352
149,-54367.0,0.8236823200000001,269874,269874,0.0352
150,-63773.0,0.8223756533333333,271874,271874,0.0268
151,-43969.0,0.8210689866666667,273874,273874,0.0268
152,-73567.0,0.81976232,275874,275874,0.0268
153,-123775.0,0.8184556533333334,277874,277874,0.0268
154,-32988.0,0.8171489866666667,279874,279874,0.0268
155,-9169.0,0.81584232,281874,281874,0.0268
156,-80179.0,0.8145356533333333,283874,283874,0.0268
157,-86367.0,0.8132289866666667,285874,285874,0.0268
158,-40172.0,0.81192232,287874,287874,0.0268
159,-48367.0,0.8106156533333333,289874,289874,0.0268
160,-36339.0,0.8095317733333334,291533,291533,0.0212
161,-40577.0,0.8085458933333334,293042,293042,0.0212
162,-38678.0,0.8072392266666667,295042,295042,0.0212
163,-32369.0,0.80593256,297042,297042,0.0212
164,-27368.0,0.8046258933333333,299042,299042,0.0212
165,-40368.0,0.8033192266666667,301042,301042,0.0212
166,-17177.0,0.80201256,303042,303042,0.0212
167,-5268.0,0.8007058933333333,305042,305042,0.0212
168,-83167.0,0.7993992266666667,307042,307042,0.0212
169,-72367.0,0.79809256,309042,309042,0.0212
170,-10214.0,0.79774368,309576,309576,0.0182
171,-24769.0,0.7964370133333334,311576,311576,0.0182
172,-64371.0,0.7951303466666667,313576,313576,0.0182
173,-61971.0,0.79382368,315576,315576,0.0182
174,-84169.0,0.7925170133333334,317576,317576,0.0182
175,-22581.0,0.7912103466666667,319576,319576,0.0182
176,-9567.0,0.78990368,321576,321576,0.0182
177,-19677.0,0.7885970133333333,323576,323576,0.0182
178,-32991.0,0.7872903466666666,325576,325576,0.0182
179,-42170.0,0.78598368,327576,327576,0.0182
180,-25167.0,0.7846770133333334,329576,329576,0.0164
181,-33568.0,0.7833703466666666,331576,331576,0.0164
182,-57167.0,0.78206368,333576,333576,0.0164
183,-135567.0,0.7807570133333334,335576,335576,0.0164
184,-45167.0,0.7794503466666667,337576,337576,0.0164
185,-41169.0,0.77814368,339576,339576,0.0164
186,-2428.0,0.7780522133333333,339716,339716,0.0164
187,-63972.0,0.7767455466666666,341716,341716,0.0164
188,1784.0,0.7765194933333334,342062,342062,0.0164
189,-113668.0,0.7752128266666667,344062,344062,0.0164
190,-28972.0,0.77390616,346062,346062,0.0141
191,-13563.0,0.77358472,346554,346554,0.0141
192,-24568.0,0.7722780533333333,348554,348554,0.0141
193,-83068.0,0.7709713866666666,350554,350554,0.0141
194,-2967.0,0.76966472,352554,352554,0.0141
195,-14598.0,0.76853576,354282,354282,0.0141
196,-33581.0,0.7672290933333333,356282,356282,0.0141
197,-10971.0,0.7659224266666667,358282,358282,0.0141
198,-54568.0,0.76461576,360282,360282,0.0141
199,-41369.0,0.7633090933333333,362282,362282,0.0141
200,-52767.0,0.7620024266666667,364282,364282,0.1338
201,-29567.0,0.76069576,366282,366282,0.1338
202,-19176.0,0.7593890933333334,368282,368282,0.1338
203,-67767.0,0.7580824266666667,370282,370282,0.1338
204,-65283.0,0.75677576,372282,372282,0.1338
205,-27271.0,0.7554690933333333,374282,374282,0.1338
206,-101367.0,0.7541624266666667,376282,376282,0.1338
207,-78167.0,0.75285576,378282,378282,0.1338
208,-12969.0,0.7515490933333333,380282,380282,0.1338
209,1936.0,0.751423,380475,380475,0.1338
210,-120188.0,0.7501163333333334,382475,382475,0.0125
211,-52268.0,0.7488096666666666,384475,384475,0.0125
212,-52677.0,0.747503,386475,386475,0.0125
213,-90454.0,0.7463361466666667,388261,388261,0.0125
214,-34367.0,0.7450294799999999,390261,390261,0.0125
215,-110367.0,0.7437228133333333,392261,392261,0.0125
216,-24569.0,0.7424161466666667,394261,394261,0.0125
217,-95068.0,0.74110948,396261,396261,0.0125
218,-33872.0,0.7398028133333334,398261,398261,0.0125
219,-49371.0,0.7384961466666666,400261,400261,0.0125
220,-12690.0,0.73743644,401883,401883,0.0123
221,-18385.0,0.7361297733333334,403883,403883,0.0123
222,-5514.0,0.7351870133333334,405326,405326,0.0123
223,-3584.0,0.7338803466666667,407326,407326,0.0123
224,-52767.0,0.73257368,409326,409326,0.0123
225,-10449.0,0.7318020933333333,410507,410507,0.0123
226,-45370.0,0.7304954266666667,412507,412507,0.0123
227,-50567.0,0.72918876,414507,414507,0.0123
228,-21575.0,0.7278820933333334,416507,416507,0.0123
229,-42571.0,0.7265754266666666,418507,418507,0.0123
230,-17581.0,0.7252687600000001,420507,420507,0.0116
231,-36369.0,0.7239620933333333,422507,422507,0.0116
232,-23981.0,0.7226554266666667,424507,424507,0.0116
233,-63367.0,0.72134876,426507,426507,0.0116
234,-38376.0,0.7200420933333334,428507,428507,0.0116
235,-32778.0,0.7187354266666667,430507,430507,0.0116
236,-98767.0,0.71742876,432507,432507,0.0116
237,-70367.0,0.7161220933333333,434507,434507,0.0116
238,-59367.0,0.7148154266666666,436507,436507,0.0116
239,-58076.0,0.7140353466666667,437701,437701,0.0116
240,-122969.0,0.71272868,439701,439701,0.1231
241,-12173.0,0.7114220133333333,441701,441701,0.1231
242,-57567.0,0.7101153466666668,443701,443701,0.1231
243,-38991.0,0.70880868,445701,445701,0.1231
244,-28968.0,0.7075020133333334,447701,447701,0.1231
245,-127167.0,0.7061953466666666,449701,449701,0.1231
246,-97567.0,0.70488868,451701,451701,0.1231
247,-120978.0,0.7035820133333334,453701,453701,0.1231
248,-48771.0,0.7022753466666667,455701,455701,0.1231
249,-38967.0,0.70096868,457701,457701,0.1231
250,-33782.0,0.6996620133333333,459701,459701,0.1406
251,-42771.0,0.6983553466666667,461701,461701,0.1406
252,-27367.0,0.69704868,463701,463701,0.1406
253,-15769.0,0.69632936,464802,464802,0.1406
254,-48168.0,0.6950226933333333,466802,466802,0.1406
255,-46790.0,0.6937160266666667,468802,468802,0.1406
256,-47381.0,0.6924093600000001,470802,470802,0.1406
257,-92568.0,0.6911026933333333,472802,472802,0.1406
258,-43688.0,0.6897960266666667,474802,474802,0.1406
259,-74254.0,0.6884985066666667,476788,476788,0.1406
260,-71974.0,0.6871918400000001,478788,478788,0.0115
261,-70767.0,0.6858851733333333,480788,480788,0.0115
262,-32969.0,0.6845785066666666,482788,482788,0.0115
263,-52281.0,0.68327184,484788,484788,0.0115
264,-35567.0,0.6819651733333334,486788,486788,0.0115
265,-32167.0,0.6806585066666666,488788,488788,0.0115
266,-76373.0,0.67935184,490788,490788,0.0115
267,-34967.0,0.6780451733333334,492788,492788,0.0115
268,-95171.0,0.6767385066666667,494788,494788,0.0115
269,-90767.0,0.67543184,496788,496788,0.0115
270,-32077.0,0.6741251733333333,498788,498788,0.0114
271,-42471.0,0.6728185066666666,500000,500788,0.0114
272,-9987.0,0.67151184,500000,502788,0.0114
273,-11923.0,0.67030252,500000,504639,0.0114
274,-80367.0,0.6689958533333333,500000,506639,0.0114
275,-63970.0,0.6676891866666668,500000,508639,0.0114
276,-35983.0,0.66638252,500000,510639,0.0114
277,-70788.0,0.6650758533333333,500000,512639,0.0114
278,1797.0,0.6648628666666667,500000,512965,0.0114
279,-67967.0,0.6635561999999999,500000,514965,0.0114
280,-98169.0,0.6622495333333334,500000,516965,0.1452
281,-11171.0,0.6609428666666667,500000,518965,0.1452
282,-73972.0,0.6596362,500000,520965,0.1452
283,-23878.0,0.6583295333333333,500000,522965,0.1452
284,-78073.0,0.6570228666666666,500000,524965,0.1452
285,-9576.0,0.6557162,500000,526965,0.1452
286,-125587.0,0.6544095333333333,500000,528965,0.1452
287,-33767.0,0.6531028666666667,500000,530965,0.1452
288,-82686.0,0.6517961999999999,500000,532965,0.1452
289,-32470.0,0.6504895333333334,500000,534965,0.1452
290,-82588.0,0.6491828666666667,500000,536965,0.0117
291,-13147.0,0.6484779199999999,500000,538044,0.0117
292,-69967.0,0.6471712533333334,500000,540044,0.0117
293,-60167.0,0.6458645866666667,500000,542044,0.0117
294,-29567.0,0.64455792,500000,544044,0.0117
295,-34280.0,0.6432512533333334,500000,546044,0.0117
296,-40572.0,0.6419445866666667,500000,548044,0.0117
297,-43469.0,0.64063792,500000,550044,0.0117
298,-66370.0,0.6393312533333333,500000,552044,0.0117
299,-57969.0,0.6380245866666667,500000,554044,0.0117
300,-5011.0,0.6371484666666667,500000,555385,0.0114
301,-26569.0,0.6358418,500000,557385,0.0114
302,-21582.0,0.6345351333333333,500000,559385,0.0114
303,-83567.0,0.6332284666666667,500000,561385,0.0114
304,-51732.0,0.6326666000000001,500000,562245,0.0114
305,-122373.0,0.6313599333333333,500000,564245,0.0114
306,-83570.0,0.6300532666666667,500000,566245,0.0114
307,-59967.0,0.6287465999999999,500000,568245,0.0114
308,-25367.0,0.6274399333333334,500000,570245,0.0114
309,-89975.0,0.6261332666666667,500000,572245,0.0114
310,-123172.0,0.6248266,500000,574245,0.0111
311,-56173.0,0.6235199333333333,500000,576245,0.0111
312,-22770.0,0.6222132666666667,500000,578245,0.0111
313,-41169.0,0.6209066,500000,580245,0.0111
314,-27173.0,0.6195999333333333,500000,582245,0.0111
315,-111974.0,0.6182932666666667,500000,584245,0.0111
316,-41973.0,0.6169865999999999,500000,586245,0.0111
317,-26567.0,0.6156799333333334,500000,588245,0.0111
318,-6697.0,0.6147541599999999,500000,589662,0.0111
319,-41368.0,0.6134474933333334,500000,591662,0.0111
320,-119969.0,0.6121408266666667,500000,593662,0.0107
321,-30171.0,0.61083416,500000,595662,0.0107
322,-10581.0,0.6095274933333333,500000,597662,0.0107
323,-67775.0,0.6082208266666667,500000,599662,0.0107
324,-67368.0,0.60691416,500000,601662,0.0107
325,-30580.0,0.6056074933333333,500000,603662,0.0107
326,-17567.0,0.6043008266666667,500000,605662,0.0107
327,-110987.0,0.60299416,500000,607662,0.0107
328,-27298.0,0.6019305333333334,500000,609290,0.0107
329,-256.0,0.6011550266666668,500000,610477,0.0107
330,-24793.0,0.60003064,500000,612198,0.0103
331,-49367.0,0.5987239733333334,500000,614198,0.0103
332,-34969.0,0.5974173066666667,500000,616198,0.0103
333,-102567.0,0.59611064,500000,618198,0.0103
334,-21967.0,0.5948039733333333,500000,620198,0.0103
335,-66770.0,0.5934973066666667,500000,622198,0.0103
336,-32377.0,0.59219064,500000,624198,0.0103
337,-35401.0,0.5913262800000001,500000,625521,0.0103
338,-87571.0,0.5900196133333333,500000,627521,0.0103
339,-76874.0,0.5887129466666667,500000,629521,0.0103
340,-50367.0,0.58740628,500000,631521,0.0100
341,-8167.0,0.5860996133333334,500000,633521,0.0100
342,-47668.0,0.5847929466666667,500000,635521,0.0100
343,-40497.0,0.5837299733333333,500000,637148,0.0100
344,-21918.0,0.5829133066666667,500000,638398,0.0100
345,-53967.0,0.58160664,500000,640398,0.0100
346,-34383.0,0.5802999733333334,500000,642398,0.0100
347,-46167.0,0.5789933066666666,500000,644398,0.0100
348,-14577.0,0.57768664,500000,646398,0.0100
349,-84567.0,0.5763799733333334,500000,648398,0.0100
350,-44481.0,0.5751980933333334,500000,650207,0.3082
351,-3986.0,0.5738914266666666,500000,652207,0.3082
352,-55070.0,0.57258476,500000,654207,0.3082
353,-28981.0,0.5712780933333333,500000,656207,0.3082
354,-6306.0,0.5703386,500000,657645,0.3082
355,-28352.0,0.5691083733333333,500000,659528,0.3082
356,-47969.0,0.5678017066666667,500000,661528,0.3082
357,-16967.0,0.56649504,500000,663528,0.3082
358,-39767.0,0.5651883733333334,500000,665528,0.3082
359,-50777.0,0.5638817066666666,500000,667528,0.3082
360,-50567.0,0.56257504,500000,669528,0.0097
361,-54277.0,0.5612683733333333,500000,671528,0.0097
362,-30171.0,0.5599617066666667,500000,673528,0.0097
363,-61971.0,0.5586550400000001,500000,675528,0.0097
364,-38169.0,0.5573483733333333,500000,677528,0.0097
365,2112.0,0.5573405333333333,500000,677540,0.0097
366,-33567.0,0.5560338666666667,500000,679540,0.0097
367,-119367.0,0.5547272000000001,500000,681540,0.0097
368,1695.0,0.5544456133333333,500000,681971,0.0097
369,-83167.0,0.5531389466666667,500000,683971,0.0097
370,-30967.0,0.55183228,500000,685971,0.0107
371,-22771.0,0.5505256133333334,500000,687971,0.0107
372,-84767.0,0.5492189466666667,500000,689971,0.0107
373,-55167.0,0.54791228,500000,691971,0.0107
374,-33570.0,0.5466056133333332,500000,693971,0.0107
375,-55777.0,0.5452989466666667,500000,695971,0.0107
376,-3771.0,0.54399228,500000,697971,0.0107
377,-1987.0,0.5426856133333333,500000,699971,0.0107
378,-49567.0,0.5413789466666667,500000,701971,0.0107
379,-13268.0,0.54007228,500000,703971,0.0107
380,-99369.0,0.5387656133333334,500000,705971,0.0098
381,-33770.0,0.5374589466666666,500000,707971,0.0098
382,-15970.0,0.53615228,500000,709971,0.0098
383,-85967.0,0.5348456133333334,500000,711971,0.0098
384,-61971.0,0.5335389466666667,500000,713971,0.0098
385,-29167.0,0.53223228,500000,715971,0.0098
386,-79569.0,0.5309256133333333,500000,717971,0.0098
387,-69784.0,0.5296189466666668,500000,719971,0.0098
388,-70774.0,0.52831228,500000,721971,0.0098
389,-14971.0,0.5270056133333334,500000,723971,0.0098
390,-36567.0,0.5256989466666666,500000,725971,0.0095
391,-67585.0,0.52439228,500000,727971,0.0095
392,-37384.0,0.5230856133333334,500000,729971,0.0095
393,-69973.0,0.5217789466666667,500000,731971,0.0095
394,-40382.0,0.52047228,500000,733971,0.0095
395,-49085.0,0.5191656133333333,500000,735971,0.0095
396,-7379.0,0.5178589466666667,500000,737971,0.0095
397,-30171.0,0.51655228,500000,739971,0.0095
398,-44468.0,0.5152456133333334,500000,741971,0.0095
399,-16579.0,0.5139389466666666,500000,743971,0.0095
400,-64668.0,0.51263228,500000,745971,0.0090
401,-87076.0,0.5113256133333333,500000,747971,0.0090
402,-43390.0,0.5100189466666667,500000,749971,0.0090
403,-32967.0,0.5087122799999999,500000,751971,0.0090
404,-73568.0,0.5074056133333333,500000,753971,0.0090
405,-58373.0,0.5060989466666668,500000,755971,0.0090
406,-9351.0,0.5050065733333333,500000,757643,0.0090
407,-92770.0,0.5036999066666668,500000,759643,0.0090
408,-34169.0,0.50239324,500000,761643,0.0090
409,-26772.0,0.5010865733333334,500000,763643,0.0090
410,-44967.0,0.4997799066666667,500000,765643,0.0091
411,-29778.0,0.49847323999999993,500000,767643,0.0091
412,-9770.0,0.49716657333333336,500000,769643,0.0091
413,-32979.0,0.4958599066666667,500000,771643,0.0091
414,-46367.0,0.49455324,500000,773643,0.0091
415,-30167.0,0.4932465733333333,500000,775643,0.0091
416,-9768.0,0.49193990666666665,500000,777643,0.0091
417,-57167.0,0.4906332400000001,500000,779643,0.0091
418,-23470.0,0.4893265733333333,500000,781643,0.0091
419,-21770.0,0.4880199066666667,500000,783643,0.0091
420,-81371.0,0.48671324000000005,500000,785643,0.0089
421,-22172.0,0.48540657333333337,500000,787643,0.0089
422,-69569.0,0.4840999066666667,500000,789643,0.0089
423,-31784.0,0.48279324,500000,791643,0.0089
424,-15967.0,0.48148657333333333,500000,793643,0.0089
425,-33891.0,0.48017990666666666,500000,795643,0.0089
426,-43787.0,0.4788732400000001,500000,797643,0.0089
427,-60068.0,0.4775665733333333,500000,799643,0.0089
428,-71367.0,0.47625990666666673,500000,801643,0.0089
429,-2369.0,0.47495324000000005,500000,803643,0.0089
430,1982.0,0.47485589333333333,500000,803792,0.0083
431,-13368.0,0.47354922666666666,500000,805792,0.0083
432,-105571.0,0.47224256,500000,807792,0.0083
433,-36767.0,0.4709358933333334,500000,809792,0.0083
434,-26174.0,0.4696292266666666,500000,811792,0.0083
435,1563.0,0.4692679333333334,500000,812345,0.0083
436,-35272.0,0.4679612666666666,500000,814345,0.0083
437,-58781.0,0.46665460000000003,500000,816345,0.0083
438,-1969.0,0.46534793333333335,500000,818345,0.0083
439,-70280.0,0.4640412666666667,500000,820345,0.0083
440,-65568.0,0.4627346,500000,822345,0.0081
441,-36884.0,0.46142793333333343,500000,824345,0.0081
442,-43970.0,0.46012126666666664,500000,826345,0.0081
443,-52167.0,0.45881459999999996,500000,828345,0.0081
444,-19379.0,0.4575079333333334,500000,830345,0.0081
445,-65383.0,0.4562012666666666,500000,832345,0.0081
446,-2695.0,0.4555302933333333,500000,833372,0.0081
447,-76196.0,0.4542236266666667,500000,835372,0.0081
448,-27472.0,0.45291696000000004,500000,837372,0.0081
449,-32967.0,0.45161029333333336,500000,839372,0.0081
450,-10270.0,0.4503036266666667,500000,841372,0.0079
451,-2767.0,0.44899696,500000,843372,0.0079
452,-95974.0,0.4476902933333333,500000,845372,0.0079
453,-68167.0,0.44638362666666664,500000,847372,0.0079
454,-50387.0,0.4450769600000001,500000,849372,0.0079
455,-34367.0,0.4437702933333333,500000,851372,0.0079
456,-52970.0,0.4424636266666666,500000,853372,0.0079
457,-38370.0,0.44115696000000004,500000,855372,0.0079
458,-21367.0,0.43985029333333325,500000,857372,0.0079
459,1830.0,0.43965363999999996,500000,857673,0.0079
460,-69484.0,0.4383469733333334,500000,859673,0.0077
461,-46371.0,0.4370403066666666,500000,861673,0.0077
462,-12868.0,0.43573364000000003,500000,863673,0.0077
463,-106367.0,0.43442697333333335,500000,865673,0.0077
464,-28082.0,0.4331203066666667,500000,867673,0.0077
465,-78870.0,0.43181364,500000,869673,0.0077
466,-39371.0,0.4305069733333333,500000,871673,0.0077
467,-70670.0,0.42920030666666675,500000,873673,0.0077
468,-1980.0,0.42789363999999996,500000,875673,0.0077
469,-22784.0,0.4265869733333334,500000,877673,0.0077
470,-27567.0,0.4252803066666667,500000,879673,0.0073
471,-70367.0,0.42397363999999993,500000,881673,0.0073
472,-15982.0,0.42266697333333336,500000,883673,0.0073
473,-11171.0,0.4213603066666667,500000,885673,0.0073
474,-26970.0,0.42005364,500000,887673,0.0073
475,-8672.0,0.4187469733333333,500000,889673,0.0073
476,-5472.0,0.41744030666666676,500000,891673,0.0073
477,-62181.0,0.41613363999999997,500000,893673,0.0073
478,-54074.0,0.4148269733333333,500000,895673,0.0073
479,-5569.0,0.4135203066666667,500000,897673,0.0073
480,-108371.0,0.41221363999999994,500000,899673,0.0070
481,-64868.0,0.41090697333333337,500000,901673,0.0070
482,-88971.0,0.4096003066666667,500000,903673,0.0070
483,-23677.0,0.40829364,500000,905673,0.0070
484,-14770.0,0.40698697333333334,500000,907673,0.0070
485,-108368.0,0.40568030666666666,500000,909673,0.0070
486,-37668.0,0.40437364,500000,911673,0.0070
487,-26369.0,0.4030669733333333,500000,913673,0.0070
488,-8685.0,0.40176030666666673,500000,915673,0.0070
489,-105376.0,0.40045363999999994,500000,917673,0.0070
490,-29167.0,0.3991469733333334,500000,919673,0.0068
491,2030.0,0.39908294666666666,500000,919771,0.0068
492,-4569.0,0.39777628,500000,921771,0.0068
493,-22872.0,0.3964696133333334,500000,923771,0.0068
494,-233.0,0.3962311466666667,500000,924136,0.0068
495,-4569.0,0.39492448,500000,926136,0.0068
496,-70184.0,0.39361781333333334,500000,928136,0.0068
497,-12670.0,0.39231114666666667,500000,930136,0.0068
498,-11575.0,0.39100448,500000,932136,0.0068
499,-68568.0,0.3896978133333333,500000,934136,0.0068
500,-33971.0,0.38839114666666663,500000,936136,0.0066
501,-43484.0,0.38708448000000006,500000,938136,0.0066
502,-9274.0,0.3857778133333333,500000,940136,0.0066
503,-15471.0,0.3844711466666667,500000,942136,0.0066
504,-11970.0,0.38316448000000003,500000,944136,0.0066
505,-85767.0,0.38185781333333335,500000,946136,0.0066
506,-35170.0,0.3805511466666667,500000,948136,0.0066
507,-78367.0,0.37924448,500000,950136,0.0066
508,-41968.0,0.37793781333333343,500000,952136,0.0066
509,-26167.0,0.37663114666666664,500000,954136,0.0066
510,-93169.0,0.37532448000000007,500000,956136,0.0066
511,-14470.0,0.3740178133333334,500000,958136,0.0066
512,-53672.0,0.3727111466666666,500000,960136,0.0066
513,-66169.0,0.37140448000000004,500000,962136,0.0066
514,-45567.0,0.37009781333333336,500000,964136,0.0066
515,-78068.0,0.3687911466666667,500000,966136,0.0066
516,-14973.0,0.36748448,500000,968136,0.0066
517,-55571.0,0.36617781333333344,500000,970136,0.0066
518,-69570.0,0.36487114666666665,500000,972136,0.0066
519,-37171.0,0.36356447999999997,500000,974136,0.0066
520,-54371.0,0.3622578133333334,500000,976136,0.0062
521,-5571.0,0.3609511466666666,500000,978136,0.0062
522,-5482.0,0.35964448000000004,500000,980136,0.0062
523,-25979.0,0.35833781333333337,500000,982136,0.0062
524,-13370.0,0.3570311466666667,500000,984136,0.0062
525,-23876.0,0.35572448,500000,986136,0.0062
526,-38171.0,0.35441781333333333,500000,988136,0.0062
527,-1128.0,0.35360898666666674,500000,989374,0.0062
528,-66173.0,0.35230232000000006,500000,991374,0.0062
529,-21468.0,0.35099565333333327,500000,993374,0.0062
530,-34268.0,0.3496889866666667,500000,995374,0.0060
531,1388.0,0.34920290666666665,500000,996118,0.0060
532,-29971.0,0.34789623999999997,500000,998118,0.0060
533,-95371.0,0.3465895733333334,500000,1000118,0.0060
534,-27373.0,0.3452829066666666,500000,1002118,0.0060
535,-18367.0,0.34397624000000004,500000,1004118,0.0060
536,-32171.0,0.34266957333333337,500000,1006118,0.0060
537,-48379.0,0.3413629066666667,500000,1008118,0.0060
538,-19188.0,0.34005624,500000,1010118,0.0060
539,-15569.0,0.33874957333333333,500000,1012118,0.0060
540,-13371.0,0.33744290666666665,500000,1014118,0.0058
541,1377.0,0.33695356,500000,1014867,0.0058
542,-28583.0,0.3356468933333334,500000,1016867,0.0058
543,-30269.0,0.33434022666666663,500000,1018867,0.0058
544,-15368.0,0.33303355999999995,500000,1020867,0.0058
545,-5171.0,0.3317268933333334,500000,1022867,0.0058
546,-7168.0,0.3304202266666667,500000,1024867,0.0058
547,-52878.0,0.32911356,500000,1026867,0.0058
548,-12371.0,0.32780689333333335,500000,1028867,0.0058
549,-24781.0,0.3265002266666668,500000,1030867,0.0058
550,1480.0,0.3260768666666667,500000,1031515,0.0055
551,-63767.0,0.3247702,500000,1033515,0.0055
552,-36769.0,0.32346353333333333,500000,1035515,0.0055
553,-33482.0,0.32215686666666665,500000,1037515,0.0055
554,-63077.0,0.3208502,500000,1039515,0.0055
555,-57169.0,0.3195435333333334,500000,1041515,0.0055
556,-58767.0,0.3182368666666666,500000,1043515,0.0055
557,-5585.0,0.31693019999999994,500000,1045515,0.0055
558,-22767.0,0.3156235333333334,500000,1047515,0.0055
559,-26410.0,0.31474676,500000,1048857,0.0055
560,-19767.0,0.31344009333333334,500000,1050857,0.0055
561,-47979.0,0.31213342666666677,500000,1052857,0.0055
562,-38779.0,0.31082676,500000,1054857,0.0055
563,-9779.0,0.3095200933333333,500000,1056857,0.0055
564,-39587.0,0.30821342666666673,500000,1058857,0.0055
565,-14381.0,0.30690675999999995,500000,1060857,0.0055
566,-1978.0,0.3056000933333334,500000,1062857,0.0055
567,-34482.0,0.3042934266666667,500000,1064857,0.0055
568,-18172.0,0.30298676,500000,1066857,0.0055
569,-28072.0,0.30168009333333334,500000,1068857,0.0055
570,-36482.0,0.30037342666666667,500000,1070857,0.0053
571,906.0,0.29957831999999995,500000,1072074,0.0053
572,-23567.0,0.2982716533333334,500000,1074074,0.0053
573,-12969.0,0.2969649866666667,500000,1076074,0.0053
574,-57771.0,0.29565832000000003,500000,1078074,0.0053
575,-9575.0,0.29435165333333335,500000,1080074,0.0053
576,-69769.0,0.2930449866666667,500000,1082074,0.0053
577,-22375.0,0.29173832,500000,1084074,0.0053
578,-147870.0,0.2904316533333333,500000,1086074,0.0053
579,-61769.0,0.28912498666666675,500000,1088074,0.0053
580,-27068.0,0.28781831999999996,500000,1090074,0.0054
581,-9767.0,0.2865116533333334,500000,1092074,0.0054
582,-13167.0,0.2852049866666667,500000,1094074,0.0054
583,-57370.0,0.2838983199999999,500000,1096074,0.0054
584,-10771.0,0.28259165333333336,500000,1098074,0.0054
585,-4971.0,0.2812849866666667,500000,1100074,0.0054
586,-44569.0,0.27997832,500000,1102074,0.0054
587,-111768.0,0.2786716533333333,500000,1104074,0.0054
588,-84767.0,0.27736498666666676,500000,1106074,0.0054
589,-21779.0,0.27605831999999997,500000,1108074,0.0054
590,-21980.0,0.2747516533333333,500000,1110074,0.0052
591,-5367.0,0.2734449866666667,500000,1112074,0.0052
592,-25167.0,0.27213831999999993,500000,1114074,0.0052
593,-52567.0,0.27083165333333337,500000,1116074,0.0052
594,-28668.0,0.2695249866666667,500000,1118074,0.0052
595,-20777.0,0.26821832,500000,1120074,0.0052
596,-43580.0,0.26691165333333333,500000,1122074,0.0052
597,-23783.0,0.26560498666666665,500000,1124074,0.0052
598,-58470.0,0.26429832,500000,1126074,0.0052
599,-67585.0,0.2629916533333333,500000,1128074,0.0052
600,-24268.0,0.26168498666666673,500000,1130074,0.0051
601,-15367.0,0.26037831999999994,500000,1132074,0.0051
602,-15974.0,0.2590716533333334,500000,1134074,0.0051
603,-56183.0,0.2577649866666667,500000,1136074,0.0051
604,-29268.0,0.25645832,500000,1138074,0.0051
605,-45967.0,0.25515165333333334,500000,1140074,0.0051
606,-3987.0,0.25384498666666666,500000,1142074,0.0051
607,-29787.0,0.2525383200000001,500000,1144074,0.0051
608,-23068.0,0.2512316533333333,500000,1146074,0.0051
609,-14968.0,0.24992498666666674,500000,1148074,0.0051
610,-62769.0,0.24861832000000006,500000,1150074,0.0053
611,-34567.0,0.24731165333333327,500000,1152074,0.0053
612,-31284.0,0.2460049866666667,500000,1154074,0.0053
613,-87987.0,0.24469832000000002,500000,1156074,0.0053
614,-17578.0,0.24339165333333335,500000,1158074,0.0053
615,-92970.0,0.24208498666666667,500000,1160074,0.0053
616,-24870.0,0.2407783200000001,500000,1162074,0.0053
617,-4178.0,0.2394716533333333,500000,1164074,0.0053
618,-123971.0,0.23816498666666663,500000,1166074,0.0053
619,-70568.0,0.23685832000000007,500000,1168074,0.0053
620,-19369.0,0.23555165333333328,500000,1170074,0.0047
621,-63868.0,0.2342449866666667,500000,1172074,0.0047
622,-25170.0,0.23293832000000003,500000,1174074,0.0047
623,-2970.0,0.23163165333333335,500000,1176074,0.0047
624,-120571.0,0.23032498666666668,500000,1178074,0.0047
625,-61371.0,0.22901832,500000,1180074,0.0047
626,-3671.0,0.22771165333333332,500000,1182074,0.0047
627,-38581.0,0.22640498666666664,500000,1184074,0.0047
628,-35767.0,0.22509832000000007,500000,1186074,0.0047
629,-28276.0,0.22379165333333328,500000,1188074,0.0047
630,-54970.0,0.22248498666666672,500000,1190074,0.0052
631,-21370.0,0.22117832000000004,500000,1192074,0.0052
632,-1869.0,0.21987165333333325,500000,1194074,0.0052
633,-33769.0,0.21856498666666668,500000,1196074,0.0052
634,-50995.0,0.21725832,500000,1198074,0.0052
635,-18284.0,0.21595165333333344,500000,1200074,0.0052
636,-45576.0,0.21464498666666665,500000,1202074,0.0052
637,-25569.0,0.21333832000000008,500000,1204074,0.0052
638,-15384.0,0.2120316533333334,500000,1206074,0.0052
639,-40567.0,0.2107249866666666,500000,1208074,0.0052
640,-23370.0,0.20941832000000005,500000,1210074,0.0043
641,-41970.0,0.20811165333333337,500000,1212074,0.0043
642,-54787.0,0.2068049866666667,500000,1214074,0.0043
643,-26468.0,0.20549832,500000,1216074,0.0043
644,-138672.0,0.20419165333333344,500000,1218074,0.0043
645,-32373.0,0.20288498666666666,500000,1220074,0.0043
646,-23868.0,0.20157831999999998,500000,1222074,0.0043
647,-23272.0,0.2002716533333334,500000,1224074,0.0043
648,-37468.0,0.19896498666666662,500000,1226074,0.0043
649,-37767.0,0.19765832000000005,500000,1228074,0.0043
650,-1868.0,0.19635165333333338,500000,1230074,0.0047
651,-52367.0,0.1950449866666667,500000,1232074,0.0047
652,-55276.0,0.19373832000000002,500000,1234074,0.0047
653,-40872.0,0.19243165333333334,500000,1236074,0.0047
654,-15569.0,0.19112498666666666,500000,1238074,0.0047
655,-21582.0,0.18981831999999998,500000,1240074,0.0047
656,-61775.0,0.18851165333333342,500000,1242074,0.0047
657,-1967.0,0.18720498666666663,500000,1244074,0.0047
658,-4371.0,0.18589831999999995,500000,1246074,0.0047
659,-53167.0,0.18459165333333338,500000,1248074,0.0047
660,-76567.0,0.1832849866666666,500000,1250074,0.0043
661,-1971.0,0.18197832000000003,500000,1252074,0.0043
662,-31767.0,0.18067165333333335,500000,1254074,0.0043
663,-16374.0,0.17936498666666667,500000,1256074,0.0043
664,-51167.0,0.17805832,500000,1258074,0.0043
665,-70685.0,0.17675165333333331,500000,1260074,0.0043
666,-30268.0,0.17544498666666675,500000,1262074,0.0043
667,-51870.0,0.17413831999999996,500000,1264074,0.0043
668,-59284.0,0.1728316533333334,500000,1266074,0.0043
669,-45570.0,0.1715249866666667,500000,1268074,0.0043
670,-71367.0,0.17021832000000003,500000,1270074,0.1501
671,-7289.0,0.16891165333333336,500000,1272074,0.1501
672,-3570.0,0.16760498666666668,500000,1274074,0.1501
673,-23768.0,0.16629832,500000,1276074,0.1501
674,-100688.0,0.16499165333333332,500000,1278074,0.1501
675,-39574.0,0.16368498666666675,500000,1280074,0.1501
676,-64782.0,0.16237831999999996,500000,1282074,0.1501
677,-54167.0,0.1610716533333334,500000,1284074,0.1501
678,-19970.0,0.15976498666666672,500000,1286074,0.1501
679,-19569.0,0.15845831999999993,500000,1288074,0.1501
680,-68180.0,0.15715165333333336,500000,1290074,0.0042
681,-31369.0,0.15584498666666668,500000,1292074,0.0042
682,-44967.0,0.15453832,500000,1294074,0.0042
683,-74670.0,0.15323165333333333,500000,1296074,0.0042
684,-46767.0,0.15192498666666676,500000,1298074,0.0042
685,-18575.0,0.15061831999999997,500000,1300074,0.0042
686,-15268.0,0.1493116533333333,500000,1302074,0.0042
687,-31367.0,0.14800498666666673,500000,1304074,0.0042
688,-72385.0,0.14669831999999994,500000,1306074,0.0042
689,-18967.0,0.14539165333333337,500000,1308074,0.0042
690,-19967.0,0.1440849866666667,500000,1310074,0.0046
691,-33571.0,0.14277832000000001,500000,1312074,0.0046
692,-47268.0,0.14147165333333334,500000,1314074,0.0046
693,-52167.0,0.14016498666666666,500000,1316074,0.0046
694,-7071.0,0.13885831999999998,500000,1318074,0.0046
695,-27870.0,0.1375516533333333,500000,1320074,0.0046
696,-12170.0,0.13624498666666673,500000,1322074,0.0046
697,-17180.0,0.13493832000000006,500000,1324074,0.0046
698,-13167.0,0.13363165333333338,500000,1326074,0.0046
699,-36572.0,0.1323249866666667,500000,1328074,0.0046
700,-17367.0,0.13101832000000002,500000,1330074,0.1569
701,-77176.0,0.12971165333333334,500000,1332074,0.1569
702,-16569.0,0.12840498666666667,500000,1334074,0.1569
703,-40369.0,0.1270983200000001,500000,1336074,0.1569
704,-19433.0,0.12607585333333338,500000,1337639,0.1569
705,-35977.0,0.1247691866666667,500000,1339639,0.1569
706,-687.0,0.12450458666666675,500000,1340044,0.1569
707,-71369.0,0.12319791999999996,500000,1342044,0.1569
708,-6270.0,0.1218912533333334,500000,1344044,0.1569
709,-38569.0,0.12058458666666672,500000,1346044,0.1569
710,-33868.0,0.11927791999999993,500000,1348044,0.0048
711,-19982.0,0.11797125333333336,500000,1350044,0.0048
712,1755.0,0.1177340933333334,500000,1350407,0.0048
713,-25668.0,0.11642742666666661,500000,1352407,0.0048
714,-19189.0,0.11512076000000004,500000,1354407,0.0048
715,-24173.0,0.11381409333333337,500000,1356407,0.0048
716,-19176.0,0.11250742666666669,500000,1358407,0.0048
717,-6183.0,0.11120076000000001,500000,1360407,0.0048
718,-13767.0,0.10989409333333333,500000,1362407,0.0048
719,-56987.0,0.10858742666666676,500000,1364407,0.0048
720,-61769.0,0.10728075999999998,500000,1366407,0.0051
721,-12367.0,0.10597409333333341,500000,1368407,0.0051
722,-45982.0,0.10466742666666673,500000,1370407,0.0051
723,-17784.0,0.10336075999999994,500000,1372407,0.0051
724,-33367.0,0.10205409333333337,500000,1374407,0.0051
725,-40386.0,0.1007474266666667,500000,1376407,0.0051
726,-35767.0,0.09944076000000002,500000,1378407,0.0051
727,-3384.0,0.09858228000000002,500000,1379721,0.0051
728,-69967.0,0.09727561333333334,500000,1381721,0.0051
729,-23187.0,0.09596894666666678,500000,1383721,0.0051
730,-6967.0,0.09466227999999999,500000,1385721,0.0047
731,-38767.0,0.09335561333333331,500000,1387721,0.0047
732,-57579.0,0.09204894666666674,500000,1389721,0.0047
733,1892.0,0.09190194666666662,500000,1389946,0.0047
734,-23779.0,0.09059528000000006,500000,1391946,0.0047
735,-5569.0,0.08928861333333338,500000,1393946,0.0047
736,-6988.0,0.08798194666666659,500000,1395946,0.0047
737,-3768.0,0.08667528000000002,500000,1397946,0.0047
738,-1969.0,0.08536861333333334,500000,1399946,0.0047
739,-12571.0,0.08406194666666666,500000,1401946,0.0047
740,-60367.0,0.08275527999999999,500000,1403946,0.0047
741,-45767.0,0.08144861333333342,500000,1405946,0.0047
742,-5771.0,0.08014194666666674,500000,1407946,0.0047
743,-21167.0,0.07883527999999995,500000,1409946,0.0047
744,-32369.0,0.07752861333333338,500000,1411946,0.0047
745,-16368.0,0.0762219466666667,500000,1413946,0.0047
746,-55577.0,0.07491528000000003,500000,1415946,0.0047
747,-59767.0,0.07360861333333335,500000,1417946,0.0047
748,-60972.0,0.07230194666666678,500000,1419946,0.0047
749,-35670.0,0.07099528,500000,1421946,0.0047
750,-19570.0,0.06968861333333332,500000,1423946,0.0049
751,-31576.0,0.06838194666666675,500000,1425946,0.0049
752,-83768.0,0.06707527999999996,500000,1427946,0.0049
753,-30070.0,0.06576861333333339,500000,1429946,0.0049
754,-33390.0,0.06446194666666671,500000,1431946,0.0049
755,-6567.0,0.06315528000000004,500000,1433946,0.0049
756,-41282.0,0.06184861333333336,500000,1435946,0.0049
757,-61567.0,0.06054194666666668,500000,1437946,0.0049
758,-20567.0,0.05923528,500000,1439946,0.0049
759,-14371.0,0.05792861333333332,500000,1441946,0.0049
760,-23787.0,0.056621946666666756,500000,1443946,0.0048
761,-24684.0,0.05531527999999997,500000,1445946,0.0048
762,-49883.0,0.05400861333333329,500000,1447946,0.0048
763,-67279.0,0.05270194666666672,500000,1449946,0.0048
764,-38969.0,0.05139527999999993,500000,1451946,0.0048
765,-8381.0,0.050088613333333365,500000,1453946,0.0048
766,-30268.0,0.04878194666666669,500000,1455946,0.0048
767,-8367.0,0.04747528000000001,500000,1457946,0.0048
768,-17181.0,0.04616861333333333,500000,1459946,0.0048
769,-15970.0,0.04486194666666665,500000,1461946,0.0048
770,-11068.0,0.043555279999999974,500000,1463946,0.0047
771,-1870.0,0.042248613333333296,500000,1465946,0.0047
772,-30981.0,0.04094194666666673,500000,1467946,0.0047
773,-39967.0,0.03963528000000005,500000,1469946,0.0047
774,-40168.0,0.03832861333333337,500000,1471946,0.0047
775,-16981.0,0.037021946666666694,500000,1473946,0.0047
776,-22767.0,0.035715280000000016,500000,1475946,0.0047
777,-36367.0,0.03440861333333334,500000,1477946,0.0047
778,-21468.0,0.03310194666666666,500000,1479946,0.0047
779,-39779.0,0.03179528000000009,500000,1481946,0.0047
780,-21767.0,0.030488613333333303,500000,1483946,0.0043
781,-57967.0,0.029181946666666736,500000,1485946,0.0043
782,-57585.0,0.027875280000000058,500000,1487946,0.0043
783,-77568.0,0.02656861333333327,500000,1489946,0.0043
784,-56369.0,0.0252619466666667,500000,1491946,0.0043
785,-57868.0,0.023955280000000023,500000,1493946,0.0043
786,-10167.0,0.022648613333333345,500000,1495946,0.0043
787,-28681.0,0.021341946666666667,500000,1497946,0.0043
788,-27075.0,0.0200352800000001,500000,1499946,0.0043
789,-38779.0,0.02,500000,1501946,0.0043
790,-3367.0,0.02,500000,1503946,0.0042
791,-22967.0,0.02,500000,1505946,0.0042
792,-69270.0,0.02,500000,1507946,0.0042
793,-33778.0,0.02,500000,1509946,0.0042
794,-15072.0,0.02,500000,1511946,0.0042
795,-16669.0,0.02,500000,1513946,0.0042
796,-48367.0,0.02,500000,1515946,0.0042
797,-708.0,0.02,500000,1517579,0.0042
798,-34767.0,0.02,500000,1519579,0.0042
799,-46177.0,0.02,500000,1521579,0.0042
800,-31770.0,0.02,500000,1523579,0.0042
801,-15367.0,0.02,500000,1525579,0.0042
802,-11567.0,0.02,500000,1527579,0.0042
803,-52071.0,0.02,500000,1529579,0.0042
804,-40068.0,0.02,500000,1531579,0.0042
805,-19767.0,0.02,500000,1533579,0.0042
806,-7379.0,0.02,500000,1535579,0.0042
807,-60193.0,0.02,500000,1537579,0.0042
808,-24173.0,0.02,500000,1539579,0.0042
809,-37471.0,0.02,500000,1541579,0.0042
810,-5586.0,0.02,500000,1543579,0.0042
811,1172.0,0.02,500000,1544522,0.0042
812,-15967.0,0.02,500000,1546522,0.0042
813,-65982.0,0.02,500000,1548522,0.0042
814,-10367.0,0.02,500000,1550522,0.0042
815,-4770.0,0.02,500000,1552522,0.0042
816,-36773.0,0.02,500000,1554522,0.0042
817,-1974.0,0.02,500000,1556522,0.0042
818,-37379.0,0.02,500000,1558522,0.0042
819,-58967.0,0.02,500000,1560522,0.0042
820,-3169.0,0.02,500000,1562522,0.0041
821,-8977.0,0.02,500000,1564522,0.0041
822,-23171.0,0.02,500000,1566522,0.0041
823,-69780.0,0.02,500000,1568522,0.0041
824,-59167.0,0.02,500000,1570522,0.0041
825,-58268.0,0.02,500000,1572522,0.0041
826,-14775.0,0.02,500000,1574522,0.0041
827,-85669.0,0.02,500000,1576522,0.0041
828,-7179.0,0.02,500000,1578522,0.0041
829,-117569.0,0.02,500000,1580522,0.0041
830,-39780.0,0.02,500000,1582522,0.0040
831,-4769.0,0.02,500000,1584522,0.0040
832,-47769.0,0.02,500000,1586522,0.0040
833,-49568.0,0.02,500000,1588522,0.0040
834,-18269.0,0.02,500000,1590522,0.0040
835,-8012.0,0.02,500000,1591256,0.0040
836,-26370.0,0.02,500000,1593256,0.0040
837,-7171.0,0.02,500000,1595256,0.0040
838,-12567.0,0.02,500000,1597256,0.0040
839,-21374.0,0.02,500000,1599256,0.0040
840,-13870.0,0.02,500000,1601256,0.0038
841,-15567.0,0.02,500000,1603256,0.0038
842,-66969.0,0.02,500000,1605256,0.0038
843,-61171.0,0.02,500000,1607256,0.0038
844,-46369.0,0.02,500000,1609256,0.0038
845,-15167.0,0.02,500000,1611256,0.0038
846,-5983.0,0.02,500000,1613256,0.0038
847,-38573.0,0.02,500000,1615256,0.0038
848,-38970.0,0.02,500000,1617256,0.0038
849,-23068.0,0.02,500000,1619256,0.0038
850,-30967.0,0.02,500000,1621256,0.0038
851,-1976.0,0.02,500000,1623256,0.0038
852,-7567.0,0.02,500000,1625256,0.0038
853,-6770.0,0.02,500000,1627256,0.0038
854,-1878.0,0.02,500000,1629256,0.0038
855,-18976.0,0.02,500000,1631256,0.0038
856,-23379.0,0.02,500000,1633256,0.0038
857,-53570.0,0.02,500000,1635256,0.0038
858,-15567.0,0.02,500000,1637256,0.0038
859,-1969.0,0.02,500000,1639256,0.0038
860,-84367.0,0.02,500000,1641256,0.0037
861,-14579.0,0.02,500000,1643256,0.0037
862,-34767.0,0.02,500000,1645256,0.0037
863,-19670.0,0.02,500000,1647256,0.0037
864,-59680.0,0.02,500000,1649256,0.0037
865,-101471.0,0.02,500000,1651256,0.0037
866,-35573.0,0.02,500000,1653256,0.0037
867,-40374.0,0.02,500000,1655256,0.0037
868,-32287.0,0.02,500000,1657256,0.0037
869,-55684.0,0.02,500000,1659256,0.0037
870,-24577.0,0.02,500000,1661256,0.0036
871,-21967.0,0.02,500000,1663256,0.0036
872,-45967.0,0.02,500000,1665256,0.0036
873,-41967.0,0.02,500000,1667256,0.0036
874,-33771.0,0.02,500000,1669256,0.0036
875,-53370.0,0.02,500000,1671256,0.0036
876,-48967.0,0.02,500000,1673256,0.0036
877,-14074.0,0.02,500000,1675256,0.0036
878,-7767.0,0.02,500000,1677256,0.0036
879,-82767.0,0.02,500000,1679256,0.0036
880,-3567.0,0.02,500000,1681256,0.0035
881,-20767.0,0.02,500000,1683256,0.0035
882,-1983.0,0.02,500000,1685256,0.0035
883,-30567.0,0.02,500000,1687256,0.0035
884,-12567.0,0.02,500000,1689256,0.0035
885,-24167.0,0.02,500000,1691256,0.0035
886,-44872.0,0.02,500000,1693256,0.0035
887,-29767.0,0.02,500000,1695256,0.0035
888,-101569.0,0.02,500000,1697256,0.0035
889,-45570.0,0.02,500000,1699256,0.0035
890,-28367.0,0.02,500000,1701256,0.0036
891,-8567.0,0.02,500000,1703256,0.0036
892,-45389.0,0.02,500000,1705256,0.0036
893,-65378.0,0.02,500000,1707256,0.0036
894,-9170.0,0.02,500000,1709256,0.0036
895,-12072.0,0.02,500000,1711256,0.0036
896,-3668.0,0.02,500000,1713256,0.0036
897,-39971.0,0.02,500000,1715256,0.0036
898,-17084.0,0.02,500000,1717256,0.0036
899,1505.0,0.02,500000,1717870,0.0036
900,-18974.0,0.02,500000,1719870,0.0036
901,-90469.0,0.02,500000,1721870,0.0036
902,-27578.0,0.02,500000,1723870,0.0036
903,-55981.0,0.02,500000,1725870,0.0036
904,-53471.0,0.02,500000,1727870,0.0036
905,-7768.0,0.02,500000,1729870,0.0036
906,-18772.0,0.02,500000,1731870,0.0036
907,-23170.0,0.02,500000,1733870,0.0036
908,-41270.0,0.02,500000,1735870,0.0036
909,-39170.0,0.02,500000,1737870,0.0036
910,-9767.0,0.02,500000,1739870,0.0035
911,-19880.0,0.02,500000,1741870,0.0035
912,-47967.0,0.02,500000,1743870,0.0035
913,-61378.0,0.02,500000,1745870,0.0035
914,-27770.0,0.02,500000,1747870,0.0035
915,-53373.0,0.02,500000,1749870,0.0035
916,-47976.0,0.02,500000,1751870,0.0035
917,-36371.0,0.02,500000,1753870,0.0035
918,-57469.0,0.02,500000,1755870,0.0035
919,-72971.0,0.02,500000,1757870,0.0035
920,-29868.0,0.02,500000,1759870,0.0034
921,-18315.0,0.02,500000,1761109,0.0034
922,-3339.0,0.02,500000,1761776,0.0034
923,-42967.0,0.02,500000,1763776,0.0034
924,-21991.0,0.02,500000,1765776,0.0034
925,-50784.0,0.02,500000,1767776,0.0034
926,-10583.0,0.02,500000,1769776,0.0034
927,-1870.0,0.02,500000,1771776,0.0034
928,-53577.0,0.02,500000,1773776,0.0034
929,-2677.0,0.02,500000,1775776,0.0034
930,-1968.0,0.02,500000,1777776,0.0034
931,-15167.0,0.02,500000,1779776,0.0034
932,-7764.0,0.02,500000,1780470,0.0034
933,1217.0,0.02,500000,1781381,0.0034
934,-48570.0,0.02,500000,1783381,0.0034
935,-53585.0,0.02,500000,1785381,0.0034
936,-103167.0,0.02,500000,1787381,0.0034
937,-29767.0,0.02,500000,1789381,0.0034
938,-70470.0,0.02,500000,1791381,0.0034
939,-3884.0,0.02,500000,1793381,0.0034
940,-29767.0,0.02,500000,1795381,0.0865
941,-96372.0,0.02,500000,1797381,0.0865
942,-34169.0,0.02,500000,1799381,0.0865
943,-13369.0,0.02,500000,1801381,0.0865
944,-46567.0,0.02,500000,1803381,0.0865
945,-35567.0,0.02,500000,1805381,0.0865
946,-26868.0,0.02,500000,1807381,0.0865
947,-10469.0,0.02,500000,1807761,0.0865
948,-20767.0,0.02,500000,1809761,0.0865
949,-40367.0,0.02,500000,1811761,0.0865
950,-13192.0,0.02,500000,1813761,0.0031
951,-11280.0,0.02,500000,1815761,0.0031
952,-7179.0,0.02,500000,1817761,0.0031
953,-66369.0,0.02,500000,1819761,0.0031
954,-15567.0,0.02,500000,1821761,0.0031
955,-47174.0,0.02,500000,1823761,0.0031
956,-71422.0,0.02,500000,1825315,0.0031
957,-48967.0,0.02,500000,1827315,0.0031
958,-14584.0,0.02,500000,1829315,0.0031
959,-33771.0,0.02,500000,1831315,0.0031
960,-1983.0,0.02,500000,1833315,0.0032
961,-52769.0,0.02,500000,1835315,0.0032
962,-34175.0,0.02,500000,1837315,0.0032
963,-48870.0,0.02,500000,1839315,0.0032
964,-24973.0,0.02,500000,1841315,0.0032
965,-5772.0,0.02,500000,1843315,0.0032
966,-37872.0,0.02,500000,1845315,0.0032
967,-22370.0,0.02,500000,1847315,0.0032
968,-18671.0,0.02,500000,1849315,0.0032
969,-16270.0,0.02,500000,1851315,0.0032
970,-58571.0,0.02,500000,1853315,0.0075
971,-32169.0,0.02,500000,1855315,0.0075
972,-36169.0,0.02,500000,1857315,0.0075
973,-43767.0,0.02,500000,1859315,0.0075
974,-27789.0,0.02,500000,1861315,0.0075
975,-16384.0,0.02,500000,1863315,0.0075
976,-22070.0,0.02,500000,1865315,0.0075
977,-13179.0,0.02,500000,1867315,0.0075
978,-33068.0,0.02,500000,1869315,0.0075
979,-61776.0,0.02,500000,1871315,0.0075
980,-18173.0,0.02,500000,1873315,0.0032
981,-5988.0,0.02,500000,1875315,0.0032
982,-43167.0,0.02,500000,1877315,0.0032
983,-40767.0,0.02,500000,1879315,0.0032
984,-6985.0,0.02,500000,1881315,0.0032
985,-17472.0,0.02,500000,1883315,0.0032
986,-64787.0,0.02,500000,1885315,0.0032
987,-41369.0,0.02,500000,1887315,0.0032
988,-55969.0,0.02,500000,1889315,0.0032
989,-17967.0,0.02,500000,1891315,0.0032
990,-27868.0,0.02,500000,1893315,0.0030
991,-25767.0,0.02,500000,1895315,0.0030
992,-11771.0,0.02,500000,1897315,0.0030
993,-59068.0,0.02,500000,1899315,0.0030
994,-40983.0,0.02,500000,1901315,0.0030
995,-28167.0,0.02,500000,1903315,0.0030
996,-60776.0,0.02,500000,1905315,0.0030
997,-83771.0,0.02,500000,1907315,0.0030
998,-97068.0,0.02,500000,1909315,0.0030
999,-11785.0,0.02,500000,1911315,0.0030
1000,-5969.0,0.02,500000,1913315,0.0032
1001,-52378.0,0.02,500000,1915315,0.0032
1002,-68567.0,0.02,500000,1917315,0.0032
1003,-29569.0,0.02,500000,1919315,0.0032
1004,-16569.0,0.02,500000,1921315,0.0032
1005,-66771.0,0.02,500000,1923315,0.0032
1006,-81573.0,0.02,500000,1925315,0.0032
1007,-25868.0,0.02,500000,1927315,0.0032
1008,-59169.0,0.02,500000,1929315,0.0032
1009,-71167.0,0.02,500000,1931315,0.0032
1010,-21780.0,0.02,500000,1933315,0.0031
1011,-72278.0,0.02,500000,1935315,0.0031
1012,-25390.0,0.02,500000,1937315,0.0031
1013,-29870.0,0.02,500000,1939315,0.0031
1014,2105.0,0.02,500000,1939331,0.0031
1015,-109971.0,0.02,500000,1941331,0.0031
1016,-24872.0,0.02,500000,1943331,0.0031
1017,-69970.0,0.02,500000,1945331,0.0031
1018,-14570.0,0.02,500000,1947331,0.0031
1019,-79669.0,0.02,500000,1949331,0.0031
1020,-28286.0,0.02,500000,1951331,0.2013
1021,-17168.0,0.02,500000,1953331,0.2013
1022,-38367.0,0.02,500000,1955331,0.2013
1023,-14970.0,0.02,500000,1957331,0.2013
1024,-39571.0,0.02,500000,1959331,0.2013
1025,-34167.0,0.02,500000,1961331,0.2013
1026,-33079.0,0.02,500000,1963331,0.2013
1027,-31483.0,0.02,500000,1965331,0.2013
1028,-66570.0,0.02,500000,1967331,0.2013
1029,-70268.0,0.02,500000,1969331,0.2013
1030,-29674.0,0.02,500000,1971331,0.0031
1031,-7367.0,0.02,500000,1973331,0.0031
1032,-68167.0,0.02,500000,1975331,0.0031
1033,-23167.0,0.02,500000,1977331,0.0031
1034,-19973.0,0.02,500000,1979331,0.0031
1035,-66568.0,0.02,500000,1981331,0.0031
1036,-18075.0,0.02,500000,1983331,0.0031
1037,-21479.0,0.02,500000,1984325,0.0031
1038,-83471.0,0.02,500000,1986325,0.0031
1039,-38576.0,0.02,500000,1988325,0.0031
1040,-36173.0,0.02,500000,1990325,0.0033
1041,-2782.0,0.02,500000,1992325,0.0033
1042,-55670.0,0.02,500000,1994325,0.0033
1043,-60167.0,0.02,500000,1996325,0.0033
1044,-27071.0,0.02,500000,1998325,0.0033
1045,-6171.0,0.02,500000,2000325,0.0033
1046,-50371.0,0.02,500000,2002325,0.0033
1047,-27367.0,0.02,500000,2004325,0.0033
1048,-17522.0,0.02,500000,2005777,0.0033
1049,-19767.0,0.02,500000,2007777,0.0033
1050,-31470.0,0.02,500000,2009777,0.0035
1051,-12916.0,0.02,500000,2011421,0.0035
1052,-62179.0,0.02,500000,2013421,0.0035
1053,-23573.0,0.02,500000,2015421,0.0035
1054,-8869.0,0.02,500000,2017421,0.0035
1055,-38367.0,0.02,500000,2019421,0.0035
1056,-45380.0,0.02,500000,2021421,0.0035
1057,-21170.0,0.02,500000,2023421,0.0035
1058,-1969.0,0.02,500000,2025421,0.0035
1059,-42167.0,0.02,500000,2027421,0.0035
1060,-18978.0,0.02,500000,2029421,0.0032
1061,-62767.0,0.02,500000,2031421,0.0032
1062,-23367.0,0.02,500000,2033421,0.0032
1063,-36769.0,0.02,500000,2035421,0.0032
1064,-1880.0,0.02,500000,2037421,0.0032
1065,-56571.0,0.02,500000,2039421,0.0032
1066,-59767.0,0.02,500000,2041421,0.0032
1067,-33269.0,0.02,500000,2043421,0.0032
1068,-18369.0,0.02,500000,2045421,0.0032
1069,-23769.0,0.02,500000,2047421,0.0032
1070,-78367.0,0.02,500000,2049421,0.0034
1071,-28769.0,0.02,500000,2051421,0.0034
1072,-23260.0,0.02,500000,2053000,0.0034
1073,-35482.0,0.02,500000,2055000,0.0034
1074,-37469.0,0.02,500000,2057000,0.0034
1075,-55783.0,0.02,500000,2059000,0.0034
1076,-26769.0,0.02,500000,2061000,0.0034
1077,-29167.0,0.02,500000,2063000,0.0034
1078,-54970.0,0.02,500000,2065000,0.0034
1079,-60368.0,0.02,500000,2067000,0.0034
1080,-20767.0,0.02,500000,2069000,0.0033
1081,-14569.0,0.02,500000,2071000,0.0033
1082,-63082.0,0.02,500000,2073000,0.0033
1083,916.0,0.02,500000,2074216,0.0033
1084,-15987.0,0.02,500000,2076216,0.0033
1085,-27886.0,0.02,500000,2078216,0.0033
1086,-19676.0,0.02,500000,2080216,0.0033
1087,-32971.0,0.02,500000,2082216,0.0033
1088,-33280.0,0.02,500000,2084216,0.0033
1089,-8369.0,0.02,500000,2086216,0.0033
1090,-30774.0,0.02,500000,2088216,0.0033
1091,289.0,0.02,500000,2090057,0.0033
1092,-18170.0,0.02,500000,2092057,0.0033
1093,-28468.0,0.02,500000,2094057,0.0033
1094,-62868.0,0.02,500000,2096057,0.0033
1095,-15070.0,0.02,500000,2098057,0.0033
1096,-23098.0,0.02,500000,2099087,0.0033
1097,-12371.0,0.02,500000,2101087,0.0033
1098,-117469.0,0.02,500000,2103087,0.0033
1099,-12169.0,0.02,500000,2105087,0.0033
1100,-11571.0,0.02,500000,2107087,0.0034
1101,-14888.0,0.02,500000,2109087,0.0034
1102,-37767.0,0.02,500000,2111087,0.0034
1103,-16583.0,0.02,500000,2113087,0.0034
1104,1424.0,0.02,500000,2113795,0.0034
1105,-36767.0,0.02,500000,2115795,0.0034
1106,-49367.0,0.02,500000,2117795,0.0034
1107,-17579.0,0.02,500000,2119795,0.0034
1108,-13229.0,0.02,500000,2120736,0.0034
1109,-30767.0,0.02,500000,2122736,0.0034
1110,-27468.0,0.02,500000,2124736,0.0036
1111,-65071.0,0.02,500000,2126736,0.0036
1112,-36068.0,0.02,500000,2128736,0.0036
1113,-23168.0,0.02,500000,2130736,0.0036
1114,-13985.0,0.02,500000,2132736,0.0036
1115,-15579.0,0.02,500000,2134736,0.0036
1116,-33567.0,0.02,500000,2136736,0.0036
1117,-5770.0,0.02,500000,2138736,0.0036
1118,-4470.0,0.02,500000,2140736,0.0036
1119,-27367.0,0.02,500000,2142736,0.0036
1120,-10367.0,0.02,500000,2144736,0.1838
1121,-35072.0,0.02,500000,2146736,0.1838
1122,-33170.0,0.02,500000,2148736,0.1838
1123,-48770.0,0.02,500000,2150736,0.1838
1124,-51367.0,0.02,500000,2152736,0.1838
1125,-57967.0,0.02,500000,2154736,0.1838
1126,-47587.0,0.02,500000,2156736,0.1838
1127,-47771.0,0.02,500000,2158736,0.1838
1128,-8369.0,0.02,500000,2160736,0.1838
1129,-19972.0,0.02,500000,2162736,0.1838
1130,-17471.0,0.02,500000,2164736,0.0032
1131,-10571.0,0.02,500000,2166736,0.0032
1132,-10376.0,0.02,500000,2168736,0.0032
1133,-28167.0,0.02,500000,2170736,0.0032
1134,-17567.0,0.02,500000,2172736,0.0032
1135,-1970.0,0.02,500000,2174736,0.0032
1136,-32270.0,0.02,500000,2176736,0.0032
1137,-21781.0,0.02,500000,2178736,0.0032
1138,-16168.0,0.02,500000,2180736,0.0032
1139,-7771.0,0.02,500000,2182736,0.0032
1140,-18875.0,0.02,500000,2184736,0.0034
1141,-31969.0,0.02,500000,2186736,0.0034
1142,-26770.0,0.02,500000,2188736,0.0034
1143,-17585.0,0.02,500000,2190736,0.0034
1144,-1971.0,0.02,500000,2192736,0.0034
1145,-21977.0,0.02,500000,2194736,0.0034
1146,-16776.0,0.02,500000,2196736,0.0034
1147,-48177.0,0.02,500000,2198736,0.0034
1148,-25274.0,0.02,500000,2200736,0.0034
1149,-17167.0,0.02,500000,2202736,0.0034
1150,-18068.0,0.02,500000,2204736,0.0035
1151,-8767.0,0.02,500000,2206736,0.0035
1152,-40770.0,0.02,500000,2208736,0.0035
1153,-35870.0,0.02,500000,2210736,0.0035
1154,-65372.0,0.02,500000,2212736,0.0035
1155,-11645.0,0.02,500000,2214511,0.0035
1156,-19387.0,0.02,500000,2216511,0.0035
1157,1229.0,0.02,500000,2217414,0.0035
1158,-5577.0,0.02,500000,2219414,0.0035
1159,-16668.0,0.02,500000,2221414,0.0035
1160,-82571.0,0.02,500000,2223414,0.0035
1161,-34769.0,0.02,500000,2225414,0.0035
1162,-41888.0,0.02,500000,2227414,0.0035
1163,-36367.0,0.02,500000,2229414,0.0035
1164,-27168.0,0.02,500000,2231414,0.0035
1165,-1967.0,0.02,500000,2233414,0.0035
1166,-40786.0,0.02,500000,2235414,0.0035
1167,-45168.0,0.02,500000,2237414,0.0035
1168,-6767.0,0.02,500000,2239414,0.0035
1169,-23783.0,0.02,500000,2241414,0.0035
1170,2105.0,0.02,500000,2241434,0.0034
1171,-14668.0,0.02,500000,2243434,0.0034
1172,-103886.0,0.02,500000,2245434,0.0034
1173,-11868.0,0.02,500000,2247434,0.0034
1174,-76471.0,0.02,500000,2249434,0.0034
1175,-55470.0,0.02,500000,2251434,0.0034
1176,-14967.0,0.02,500000,2253434,0.0034
1177,-21771.0,0.02,500000,2255434,0.0034
1178,-12769.0,0.02,500000,2257434,0.0034
1179,-14031.0,0.02,500000,2259385,0.0034
1180,-79974.0,0.02,500000,2261385,0.0034
1181,-68767.0,0.02,500000,2263385,0.0034
1182,-21468.0,0.02,500000,2265385,0.0034
1183,-31090.0,0.02,500000,2267385,0.0034
1184,-52868.0,0.02,500000,2269385,0.0034
1185,-2767.0,0.02,500000,2271385,0.0034
1186,-48370.0,0.02,500000,2273385,0.0034
1187,-55370.0,0.02,500000,2275385,0.0034
1188,-16767.0,0.02,500000,2277385,0.0034
1189,-41581.0,0.02,500000,2279385,0.0034
1190,-35779.0,0.02,500000,2281385,0.0034
1191,-31168.0,0.02,500000,2283385,0.0034
1192,-32379.0,0.02,500000,2285385,0.0034
1193,-23967.0,0.02,500000,2287385,0.0034
1194,-16967.0,0.02,500000,2289385,0.0034
1195,-46468.0,0.02,500000,2291385,0.0034
1196,-35167.0,0.02,500000,2293385,0.0034
1197,-27871.0,0.02,500000,2295385,0.0034
1198,-36153.0,0.02,500000,2296670,0.0034
1199,-81800.0,0.02,500000,2298670,0.0034
1200,-39167.0,0.02,500000,2300670,0.1877
1201,-13557.0,0.02,500000,2302552,0.1877
1202,-9167.0,0.02,500000,2304552,0.1877
1203,-11781.0,0.02,500000,2306552,0.1877
1204,-113670.0,0.02,500000,2308552,0.1877
1205,-23769.0,0.02,500000,2310552,0.1877
1206,-34270.0,0.02,500000,2312552,0.1877
1207,-21987.0,0.02,500000,2314552,0.1877
1208,-1967.0,0.02,500000,2316552,0.1877
1209,-18370.0,0.02,500000,2318552,0.1877
1210,-13916.0,0.02,500000,2320191,0.0035
1211,-7069.0,0.02,500000,2322191,0.0035
1212,-6371.0,0.02,500000,2324191,0.0035
1213,-39468.0,0.02,500000,2326191,0.0035
1214,-74035.0,0.02,500000,2328151,0.0035
1215,-1884.0,0.02,500000,2330151,0.0035
1216,-33779.0,0.02,500000,2332151,0.0035
1217,-60567.0,0.02,500000,2334151,0.0035
1218,-32488.0,0.02,500000,2336151,0.0035
1219,-28888.0,0.02,500000,2338151,0.0035
1220,-19967.0,0.02,500000,2340151,0.0038
1221,-44767.0,0.02,500000,2342151,0.0038
1222,-1888.0,0.02,500000,2344151,0.0038
1223,-56670.0,0.02,500000,2346151,0.0038
1224,-95572.0,0.02,500000,2348151,0.0038
1225,-60372.0,0.02,500000,2350151,0.0038
1226,-62770.0,0.02,500000,2352151,0.0038
1227,-1967.0,0.02,500000,2354151,0.0038
1228,-5567.0,0.02,500000,2356151,0.0038
1229,-30776.0,0.02,500000,2358151,0.0038
1230,-47868.0,0.02,500000,2360151,0.0035
1231,-40169.0,0.02,500000,2362151,0.0035
1232,-7168.0,0.02,500000,2364151,0.0035
1233,-51288.0,0.02,500000,2366151,0.0035
1234,-26570.0,0.02,500000,2368151,0.0035
1235,-52167.0,0.02,500000,2370151,0.0035
1236,-16981.0,0.02,500000,2372151,0.0035
1237,-5171.0,0.02,500000,2374151,0.0035
1238,1589.0,0.02,500000,2374694,0.0035
1239,-46973.0,0.02,500000,2376694,0.0035
1240,-29570.0,0.02,500000,2378694,0.0035
1241,-10171.0,0.02,500000,2380694,0.0035
1242,-90092.0,0.02,500000,2382694,0.0035
1243,-19567.0,0.02,500000,2384694,0.0035
1244,-20770.0,0.02,500000,2386694,0.0035
1245,-2370.0,0.02,500000,2388694,0.0035
1246,-27379.0,0.02,500000,2390694,0.0035
1247,-20969.0,0.02,500000,2392694,0.0035
1248,-40579.0,0.02,500000,2394694,0.0035
1249,-48371.0,0.02,500000,2396694,0.0035
1250,-13570.0,0.02,500000,2398694,0.1845
1251,-59767.0,0.02,500000,2400694,0.1845
1252,-40367.0,0.02,500000,2402694,0.1845
1253,-10767.0,0.02,500000,2404694,0.1845
1254,-2971.0,0.02,500000,2406694,0.1845
1255,-59368.0,0.02,500000,2408694,0.1845
1256,-95175.0,0.02,500000,2410694,0.1845
1257,-11176.0,0.02,500000,2412694,0.1845
1258,-106767.0,0.02,500000,2414694,0.1845
1259,-6967.0,0.02,500000,2416694,0.1845
1260,-67479.0,0.02,500000,2418694,0.0039
1261,1952.0,0.02,500000,2418870,0.0039
1262,-52767.0,0.02,500000,2420870,0.0039
1263,-25190.0,0.02,500000,2422870,0.0039
1264,-49969.0,0.02,500000,2424870,0.0039
1265,-39567.0,0.02,500000,2426870,0.0039
1266,-41170.0,0.02,500000,2428870,0.0039
1267,-38773.0,0.02,500000,2430870,0.0039
1268,-29767.0,0.02,500000,2432870,0.0039
1269,-61258.0,0.02,500000,2434858,0.0039
1270,-30767.0,0.02,500000,2436858,0.0039
1271,-51179.0,0.02,500000,2438858,0.0039
1272,-45068.0,0.02,500000,2440858,0.0039
1273,-15375.0,0.02,500000,2442858,0.0039
1274,-2538.0,0.02,500000,2443726,0.0039
1275,-4781.0,0.02,500000,2445726,0.0039
1276,-23985.0,0.02,500000,2447726,0.0039
1277,-20383.0,0.02,500000,2449726,0.0039
1278,-12972.0,0.02,500000,2451726,0.0039
1279,-29567.0,0.02,500000,2453726,0.0039
1280,-18167.0,0.02,500000,2455726,0.0039
1281,-24891.0,0.02,500000,2457726,0.0039
1282,-59574.0,0.02,500000,2459726,0.0039
1283,-3186.0,0.02,500000,2461726,0.0039
1284,-34869.0,0.02,500000,2463726,0.0039
1285,-5708.0,0.02,500000,2464363,0.0039
1286,-100174.0,0.02,500000,2466363,0.0039
1287,-10988.0,0.02,500000,2468363,0.0039
1288,-18968.0,0.02,500000,2470363,0.0039
1289,-25167.0,0.02,500000,2472363,0.0039
1290,-3792.0,0.02,500000,2474363,0.0038
1291,-26573.0,0.02,500000,2476363,0.0038
1292,-1872.0,0.02,500000,2478363,0.0038
1293,-40271.0,0.02,500000,2480363,0.0038
1294,-32179.0,0.02,500000,2482363,0.0038
1295,-46967.0,0.02,500000,2484363,0.0038
1296,-30169.0,0.02,500000,2486363,0.0038
1297,-47184.0,0.02,500000,2488363,0.0038
1298,-18183.0,0.02,500000,2490363,0.0038
1299,-6980.0,0.02,500000,2492363,0.0038
1300,-37767.0,0.02,500000,2494363,0.0038
1301,-42967.0,0.02,500000,2496363,0.0038
1302,-17969.0,0.02,500000,2498363,0.0038
1303,-32869.0,0.02,500000,2500363,0.0038
1304,-66778.0,0.02,500000,2502363,0.0038
1305,-35167.0,0.02,500000,2504363,0.0038
1306,-62767.0,0.02,500000,2506363,0.0038
1307,-1967.0,0.02,500000,2508363,0.0038
1308,-57767.0,0.02,500000,2510363,0.0038
1309,-60068.0,0.02,500000,2512363,0.0038
1310,-73678.0,0.02,500000,2514363,0.0037
1311,-34668.0,0.02,500000,2516363,0.0037
1312,-40167.0,0.02,500000,2518363,0.0037
1313,-22767.0,0.02,500000,2520363,0.0037
1314,-5568.0,0.02,500000,2522363,0.0037
1315,-28570.0,0.02,500000,2524363,0.0037
1316,-30385.0,0.02,500000,2526363,0.0037
1317,-31073.0,0.02,500000,2528363,0.0037
1318,-10568.0,0.02,500000,2530363,0.0037
1319,-1967.0,0.02,500000,2532363,0.0037
1320,-29969.0,0.02,500000,2534363,0.0036
1321,-63470.0,0.02,500000,2536363,0.0036
1322,-53578.0,0.02,500000,2538363,0.0036
1323,-39567.0,0.02,500000,2540363,0.0036
1324,-15367.0,0.02,500000,2542363,0.0036
1325,-56468.0,0.02,500000,2544363,0.0036
1326,-40585.0,0.02,500000,2546363,0.0036
1327,-10572.0,0.02,500000,2548363,0.0036
1328,-56085.0,0.02,500000,2550363,0.0036
1329,-3769.0,0.02,500000,2552363,0.0036
1330,-80171.0,0.02,500000,2554363,0.0036
1331,-68270.0,0.02,500000,2556363,0.0036
1332,-7985.0,0.02,500000,2558363,0.0036
1333,-86974.0,0.02,500000,2560363,0.0036
1334,-8587.0,0.02,500000,2562363,0.0036
1335,-15367.0,0.02,500000,2564363,0.0036
1336,-16567.0,0.02,500000,2566363,0.0036
1337,-39170.0,0.02,500000,2568363,0.0036
1338,-32981.0,0.02,500000,2570363,0.0036
1339,2015.0,0.02,500000,2570475,0.0036
1340,-19567.0,0.02,500000,2572475,0.0039
1341,-61567.0,0.02,500000,2574475,0.0039
1342,-46771.0,0.02,500000,2576475,0.0039
1343,-56169.0,0.02,500000,2578475,0.0039
1344,-95317.0,0.02,500000,2580320,0.0039
1345,-30868.0,0.02,500000,2582320,0.0039
1346,-65691.0,0.02,500000,2584320,0.0039
1347,-28888.0,0.02,500000,2586320,0.0039
1348,-53568.0,0.02,500000,2588320,0.0039
1349,-43872.0,0.02,500000,2590320,0.0039
1350,-68568.0,0.02,500000,2592320,0.0078
1351,-42567.0,0.02,500000,2594320,0.0078
1352,-5059.0,0.02,500000,2595110,0.0078
1353,-51968.0,0.02,500000,2597110,0.0078
1354,-1869.0,0.02,500000,2599110,0.0078
1355,-54668.0,0.02,500000,2601110,0.0078
1356,-8957.0,0.02,500000,2601999,0.0078
1357,678.0,0.02,500000,2603442,0.0078
1358,-33476.0,0.02,500000,2605442,0.0078
1359,-7784.0,0.02,500000,2607442,0.0078
1360,-77082.0,0.02,500000,2609442,0.1921
1361,-39788.0,0.02,500000,2611442,0.1921
1362,-90371.0,0.02,500000,2613442,0.1921
1363,-1994.0,0.02,500000,2615442,0.1921
1364,-7369.0,0.02,500000,2617442,0.1921
1365,-85767.0,0.02,500000,2619442,0.1921
1366,-8470.0,0.02,500000,2621442,0.1921
1367,-44079.0,0.02,500000,2623442,0.1921
1368,-37367.0,0.02,500000,2625442,0.1921
1369,-11587.0,0.02,500000,2627442,0.1921
1370,-41571.0,0.02,500000,2629442,0.0036
1371,-72488.0,0.02,500000,2631442,0.0036
1372,-47767.0,0.02,500000,2633442,0.0036
1373,-96567.0,0.02,500000,2635442,0.0036
1374,-30570.0,0.02,500000,2637442,0.0036
1375,-37971.0,0.02,500000,2639442,0.0036
1376,-30572.0,0.02,500000,2641442,0.0036
1377,-1970.0,0.02,500000,2643442,0.0036
1378,-67369.0,0.02,500000,2645442,0.0036
1379,-24968.0,0.02,500000,2647442,0.0036
1380,-87768.0,0.02,500000,2649442,0.0039
1381,-23767.0,0.02,500000,2651442,0.0039
1382,-37786.0,0.02,500000,2653442,0.0039
1383,-11367.0,0.02,500000,2655442,0.0039
1384,-57368.0,0.02,500000,2657442,0.0039
1385,-30769.0,0.02,500000,2659442,0.0039
1386,-42376.0,0.02,500000,2661442,0.0039
1387,-49771.0,0.02,500000,2663442,0.0039
1388,-62568.0,0.02,500000,2665442,0.0039
1389,-32384.0,0.02,500000,2667442,0.0039
1390,-1975.0,0.02,500000,2669442,0.0036
1391,-22374.0,0.02,500000,2671442,0.0036
1392,-117967.0,0.02,500000,2673442,0.0036
1393,-12872.0,0.02,500000,2675442,0.0036
1394,-30769.0,0.02,500000,2677442,0.0036
1395,1596.0,0.02,500000,2677973,0.0036
1396,-45179.0,0.02,500000,2679973,0.0036
1397,-65967.0,0.02,500000,2681973,0.0036
1398,-34773.0,0.02,500000,2683973,0.0036
1399,-22084.0,0.02,500000,2685973,0.0036
1400,-31168.0,0.02,500000,2687973,0.0040
1401,-27569.0,0.02,500000,2689973,0.0040
1402,-48569.0,0.02,500000,2691973,0.0040
1403,-35670.0,0.02,500000,2693973,0.0040
1404,-11480.0,0.02,500000,2695973,0.0040
1405,-15171.0,0.02,500000,2697973,0.0040
1406,-14594.0,0.02,500000,2698899,0.0040
1407,-49567.0,0.02,500000,2700899,0.0040
1408,-2047.0,0.02,500000,2701677,0.0040
1409,-45567.0,0.02,500000,2703677,0.0040
1410,-25967.0,0.02,500000,2705677,0.0037
1411,-23769.0,0.02,500000,2707677,0.0037
1412,-3630.0,0.02,500000,2708439,0.0037
1413,-59171.0,0.02,500000,2710439,0.0037
1414,-18370.0,0.02,500000,2712439,0.0037
1415,-7771.0,0.02,500000,2714439,0.0037
1416,-31376.0,0.02,500000,2716439,0.0037
1417,-67373.0,0.02,500000,2718439,0.0037
1418,-11309.0,0.02,500000,2720276,0.0037
1419,-35785.0,0.02,500000,2722276,0.0037
1420,-48967.0,0.02,500000,2724276,0.0041
1421,-26571.0,0.02,500000,2726276,0.0041
1422,-11969.0,0.02,500000,2728276,0.0041
1423,-45571.0,0.02,500000,2730276,0.0041
1424,-1967.0,0.02,500000,2732276,0.0041
1425,-34569.0,0.02,500000,2734276,0.0041
1426,-22168.0,0.02,500000,2736276,0.0041
1427,-39775.0,0.02,500000,2738276,0.0041
1428,-51377.0,0.02,500000,2740276,0.0041
1429,-28269.0,0.02,500000,2742276,0.0041
1430,-81470.0,0.02,500000,2744276,0.0039
1431,-33270.0,0.02,500000,2746276,0.0039
1432,-53970.0,0.02,500000,2748276,0.0039
1433,-17042.0,0.02,500000,2750048,0.0039
1434,-88068.0,0.02,500000,2752048,0.0039
1435,-42082.0,0.02,500000,2754048,0.0039
1436,-30973.0,0.02,500000,2756048,0.0039
1437,-16068.0,0.02,500000,2758048,0.0039
1438,-54968.0,0.02,500000,2760048,0.0039
1439,-36470.0,0.02,500000,2762048,0.0039
1440,-41576.0,0.02,500000,2764048,0.0036
1441,-36668.0,0.02,500000,2766048,0.0036
1442,-28769.0,0.02,500000,2768048,0.0036
1443,-19367.0,0.02,500000,2770048,0.0036
1444,-31169.0,0.02,500000,2772048,0.0036
1445,-39967.0,0.02,500000,2774048,0.0036
1446,-51268.0,0.02,500000,2776048,0.0036
1447,-53874.0,0.02,500000,2778048,0.0036
1448,-42973.0,0.02,500000,2780048,0.0036
1449,-30567.0,0.02,500000,2782048,0.0036
1450,-25778.0,0.02,500000,2784048,0.0037
1451,-60167.0,0.02,500000,2786048,0.0037
1452,-16668.0,0.02,500000,2788048,0.0037
1453,-35776.0,0.02,500000,2790048,0.0037
1454,-12967.0,0.02,500000,2792048,0.0037
1455,-53184.0,0.02,500000,2794048,0.0037
1456,-29583.0,0.02,500000,2796048,0.0037
1457,-38371.0,0.02,500000,2798048,0.0037
1458,-18171.0,0.02,500000,2800048,0.0037
1459,-97367.0,0.02,500000,2802048,0.0037
1460,-48767.0,0.02,500000,2804048,0.0038
1461,-27967.0,0.02,500000,2806048,0.0038
1462,-48367.0,0.02,500000,2808048,0.0038
1463,-4567.0,0.02,500000,2810048,0.0038
1464,-20570.0,0.02,500000,2812048,0.0038
1465,-32568.0,0.02,500000,2814048,0.0038
1466,-35871.0,0.02,500000,2816048,0.0038
1467,-9379.0,0.02,500000,2818048,0.0038
1468,-42967.0,0.02,500000,2820048,0.0038
1469,-36888.0,0.02,500000,2822048,0.0038
1470,-65779.0,0.02,500000,2824048,0.0036
1471,-6691.0,0.02,500000,2824856,0.0036
1472,-24173.0,0.02,500000,2826856,0.0036
1473,-29468.0,0.02,500000,2828856,0.0036
1474,-12971.0,0.02,500000,2830856,0.0036
1475,-45177.0,0.02,500000,2832856,0.0036
1476,-5367.0,0.02,500000,2834856,0.0036
1477,-8767.0,0.02,500000,2836856,0.0036
1478,-25567.0,0.02,500000,2838856,0.0036
1479,-19873.0,0.02,500000,2840856,0.0036
1480,-65169.0,0.02,500000,2842856,0.0032
1481,-99490.0,0.02,500000,2844856,0.0032
1482,-13868.0,0.02,500000,2846856,0.0032
1483,-50767.0,0.02,500000,2848856,0.0032
1484,-43971.0,0.02,500000,2850856,0.0032
1485,-4579.0,0.02,500000,2852856,0.0032
1486,-25369.0,0.02,500000,2854856,0.0032
1487,-48379.0,0.02,500000,2856856,0.0032
1488,-28868.0,0.02,500000,2858856,0.0032
1489,-8367.0,0.02,500000,2860856,0.0032
1490,-10771.0,0.02,500000,2862856,0.0035
1491,-27170.0,0.02,500000,2864856,0.0035
1492,-46770.0,0.02,500000,2866856,0.0035
1493,-14385.0,0.02,500000,2868856,0.0035
1494,-26470.0,0.02,500000,2870856,0.0035
1495,-24979.0,0.02,500000,2872856,0.0035
1496,-35570.0,0.02,500000,2874856,0.0035
1497,-1971.0,0.02,500000,2876856,0.0035
1498,-5569.0,0.02,500000,2878856,0.0035
1499,-82468.0,0.02,500000,2880856,0.0035
1500,-10669.0,0.02,500000,2882856,0.0031
1501,-59569.0,0.02,500000,2884856,0.0031
1502,-64567.0,0.02,500000,2886856,0.0031
1503,-20068.0,0.02,500000,2888856,0.0031
1504,-32967.0,0.02,500000,2890856,0.0031
1505,-69884.0,0.02,500000,2892856,0.0031
1506,-53273.0,0.02,500000,2894856,0.0031
1507,-52771.0,0.02,500000,2896856,0.0031
1508,-30569.0,0.02,500000,2898856,0.0031
1509,-25381.0,0.02,500000,2900856,0.0031
1510,-12969.0,0.02,500000,2902856,0.0035
1511,-10688.0,0.02,500000,2904856,0.0035
1512,-73567.0,0.02,500000,2906856,0.0035
1513,-14670.0,0.02,500000,2908856,0.0035
1514,-43367.0,0.02,500000,2910856,0.0035
1515,-30567.0,0.02,500000,2912856,0.0035
1516,-24567.0,0.02,500000,2914856,0.0035
1517,-57172.0,0.02,500000,2916856,0.0035
1518,-50469.0,0.02,500000,2918856,0.0035
1519,1087.0,0.02,500000,2919889,0.0035
1520,1378.0,0.02,500000,2920639,0.0033
1521,-38870.0,0.02,500000,2922639,0.0033
1522,-1967.0,0.02,500000,2924639,0.0033
1523,-27678.0,0.02,500000,2926639,0.0033
1524,-98570.0,0.02,500000,2928639,0.0033
1525,-39769.0,0.02,500000,2930639,0.0033
1526,-15367.0,0.02,500000,2932639,0.0033
1527,-66967.0,0.02,500000,2934639,0.0033
1528,-51969.0,0.02,500000,2936639,0.0033
1529,-98372.0,0.02,500000,2938639,0.0033
1530,-57988.0,0.02,500000,2940639,0.0033
1531,-79767.0,0.02,500000,2942639,0.0033
1532,-7767.0,0.02,500000,2944639,0.0033
1533,-54967.0,0.02,500000,2946639,0.0033
1534,-30567.0,0.02,500000,2948639,0.0033
1535,-24967.0,0.02,500000,2950639,0.0033
1536,-16367.0,0.02,500000,2952639,0.0033
1537,-9370.0,0.02,500000,2954639,0.0033
1538,-8971.0,0.02,500000,2956639,0.0033
1539,-40374.0,0.02,500000,2958639,0.0033
1540,-54769.0,0.02,500000,2960639,0.0032
1541,-18576.0,0.02,500000,2962639,0.0032
1542,-25367.0,0.02,500000,2964639,0.0032
1543,-33167.0,0.02,500000,2966639,0.0032
1544,-27771.0,0.02,500000,2968639,0.0032
1545,-4876.0,0.02,500000,2970639,0.0032
1546,-20868.0,0.02,500000,2972639,0.0032
1547,-44686.0,0.02,500000,2974639,0.0032
1548,-71970.0,0.02,500000,2976639,0.0032
1549,-35568.0,0.02,500000,2978639,0.0032
1550,-43769.0,0.02,500000,2980639,0.1062
1551,-38367.0,0.02,500000,2982639,0.1062
1552,-34767.0,0.02,500000,2984639,0.1062
1553,-16367.0,0.02,500000,2986639,0.1062
1554,-25973.0,0.02,500000,2988639,0.1062
1555,-9370.0,0.02,500000,2990639,0.1062
1556,-42572.0,0.02,500000,2992639,0.1062
1557,-21685.0,0.02,500000,2994639,0.1062
1558,-14870.0,0.02,500000,2996639,0.1062
1559,-28783.0,0.02,500000,2998639,0.1062
1560,-37571.0,0.02,500000,3000639,0.0031
1561,-36975.0,0.02,500000,3002639,0.0031
1562,-11569.0,0.02,500000,3004639,0.0031
1563,-10967.0,0.02,500000,3006639,0.0031
1564,-13779.0,0.02,500000,3008639,0.0031
1565,-10573.0,0.02,500000,3010639,0.0031
1566,-16167.0,0.02,500000,3012639,0.0031
1567,-1967.0,0.02,500000,3014639,0.0031
1568,-4167.0,0.02,500000,3016639,0.0031
1569,-1968.0,0.02,500000,3018639,0.0031
1570,-76770.0,0.02,500000,3020639,0.0031
1571,-19167.0,0.02,500000,3022639,0.0031
1572,-13367.0,0.02,500000,3024639,0.0031
1573,-30470.0,0.02,500000,3026639,0.0031
1574,-1934.0,0.02,500000,3028091,0.0031
1575,-35969.0,0.02,500000,3030091,0.0031
1576,-20969.0,0.02,500000,3032091,0.0031
1577,-18576.0,0.02,500000,3034091,0.0031
1578,-19570.0,0.02,500000,3036091,0.0031
1579,-33367.0,0.02,500000,3038091,0.0031
1580,-15474.0,0.02,500000,3040091,0.0032
1581,-33169.0,0.02,500000,3042091,0.0032
1582,-24967.0,0.02,500000,3044091,0.0032
1583,-32583.0,0.02,500000,3046091,0.0032
1584,-33870.0,0.02,500000,3048091,0.0032
1585,-44987.0,0.02,500000,3050091,0.0032
1586,-12981.0,0.02,500000,3052091,0.0032
1587,-60567.0,0.02,500000,3054091,0.0032
1588,-51069.0,0.02,500000,3056091,0.0032
1589,-74669.0,0.02,500000,3058091,0.0032
1590,-59183.0,0.02,500000,3060091,0.0032
1591,-4472.0,0.02,500000,3062091,0.0032
1592,-136871.0,0.02,500000,3064091,0.0032
1593,-3967.0,0.02,500000,3066091,0.0032
1594,-19569.0,0.02,500000,3068091,0.0032
1595,-38969.0,0.02,500000,3070091,0.0032
1596,-48373.0,0.02,500000,3072091,0.0032
1597,-12769.0,0.02,500000,3074091,0.0032
1598,721.0,0.02,500000,3075499,0.0032
1599,-19969.0,0.02,500000,3077499,0.0032
1600,-22389.0,0.02,500000,3079499,0.0033
1601,-44870.0,0.02,500000,3081499,0.0033
1602,-66987.0,0.02,500000,3083499,0.0033
1603,-30567.0,0.02,500000,3085499,0.0033
1604,-40167.0,0.02,500000,3087499,0.0033
1605,-22183.0,0.02,500000,3089499,0.0033
1606,-1985.0,0.02,500000,3091499,0.0033
1607,-1978.0,0.02,500000,3093499,0.0033
1608,-12677.0,0.02,500000,3095499,0.0033
1609,1568.0,0.02,500000,3096056,0.0033
1610,-15571.0,0.02,500000,3098056,0.0032
1611,-8767.0,0.02,500000,3100056,0.0032
1612,-63967.0,0.02,500000,3102056,0.0032
1613,-4983.0,0.02,500000,3104056,0.0032
1614,-22387.0,0.02,500000,3106056,0.0032
1615,-45385.0,0.02,500000,3108056,0.0032
1616,-18367.0,0.02,500000,3110056,0.0032
1617,-16769.0,0.02,500000,3112056,0.0032
1618,-1968.0,0.02,500000,3114056,0.0032
1619,-11578.0,0.02,500000,3116056,0.0032
1620,-55468.0,0.02,500000,3118056,0.0029
1621,-31987.0,0.02,500000,3120056,0.0029
1622,-1984.0,0.02,500000,3122056,0.0029
1623,-44579.0,0.02,500000,3124056,0.0029
1624,-34967.0,0.02,500000,3126056,0.0029
1625,-6922.0,0.02,500000,3127306,0.0029
1626,-13871.0,0.02,500000,3129306,0.0029
1627,-9167.0,0.02,500000,3131306,0.0029
1628,-13974.0,0.02,500000,3133306,0.0029
1629,-13268.0,0.02,500000,3135306,0.0029
1630,-42571.0,0.02,500000,3137306,0.0029
1631,-101671.0,0.02,500000,3139306,0.0029
1632,-57868.0,0.02,500000,3141306,0.0029
1633,-21570.0,0.02,500000,3143306,0.0029
1634,-63767.0,0.02,500000,3145306,0.0029
1635,-1974.0,0.02,500000,3147306,0.0029
1636,-17569.0,0.02,500000,3149306,0.0029
1637,-17769.0,0.02,500000,3151306,0.0029
1638,-25880.0,0.02,500000,3153306,0.0029
1639,-27378.0,0.02,500000,3155306,0.0029
1640,-1985.0,0.02,500000,3157306,0.0032
1641,-14567.0,0.02,500000,3159306,0.0032
1642,-68367.0,0.02,500000,3161306,0.0032
1643,-6668.0,0.02,500000,3163306,0.0032
1644,-16967.0,0.02,500000,3165306,0.0032
1645,-42767.0,0.02,500000,3167306,0.0032
1646,-72470.0,0.02,500000,3169306,0.0032
1647,-16968.0,0.02,500000,3171306,0.0032
1648,-73077.0,0.02,500000,3173306,0.0032
1649,-75567.0,0.02,500000,3175306,0.0032
1650,-36188.0,0.02,500000,3177306,0.0031
1651,-49767.0,0.02,500000,3179306,0.0031
1652,-79072.0,0.02,500000,3181306,0.0031
1653,-30767.0,0.02,500000,3183306,0.0031
1654,-7367.0,0.02,500000,3185306,0.0031
1655,-33567.0,0.02,500000,3187306,0.0031
1656,-3987.0,0.02,500000,3189306,0.0031
1657,-64670.0,0.02,500000,3191306,0.0031
1658,-74167.0,0.02,500000,3193306,0.0031
1659,-67367.0,0.02,500000,3195306,0.0031
1660,-33108.0,0.02,500000,3196542,0.0027
1661,-10871.0,0.02,500000,3198542,0.0027
1662,-81875.0,0.02,500000,3200542,0.0027
1663,-40972.0,0.02,500000,3202542,0.0027
1664,-24771.0,0.02,500000,3204542,0.0027
1665,2001.0,0.02,500000,3204652,0.0027
1666,-37187.0,0.02,500000,3206652,0.0027
1667,-11069.0,0.02,500000,3208652,0.0027
1668,-89670.0,0.02,500000,3210652,0.0027
1669,-36367.0,0.02,500000,3212652,0.0027
1670,-18969.0,0.02,500000,3214652,0.0030
1671,-32970.0,0.02,500000,3216652,0.0030
1672,-13167.0,0.02,500000,3218652,0.0030
1673,-34559.0,0.02,500000,3219737,0.0030
1674,-50977.0,0.02,500000,3221737,0.0030
1675,-47674.0,0.02,500000,3223737,0.0030
1676,-9367.0,0.02,500000,3225737,0.0030
1677,-12969.0,0.02,500000,3227737,0.0030
1678,-18787.0,0.02,500000,3229737,0.0030
1679,-29868.0,0.02,500000,3231737,0.0030
1680,-31967.0,0.02,500000,3233737,0.0028
1681,-18868.0,0.02,500000,3235737,0.0028
1682,-21390.0,0.02,500000,3237737,0.0028
1683,-42171.0,0.02,500000,3239737,0.0028
1684,-8167.0,0.02,500000,3241737,0.0028
1685,-28167.0,0.02,500000,3243737,0.0028
1686,-26167.0,0.02,500000,3245737,0.0028
1687,-53767.0,0.02,500000,3247737,0.0028
1688,1840.0,0.02,500000,3248027,0.0028
1689,-76470.0,0.02,500000,3250027,0.0028
1690,-56575.0,0.02,500000,3252027,0.0027
1691,-26869.0,0.02,500000,3254027,0.0027
1692,-52568.0,0.02,500000,3256027,0.0027
1693,-59668.0,0.02,500000,3258027,0.0027
1694,-87471.0,0.02,500000,3260027,0.0027
1695,-7129.0,0.02,500000,3260486,0.0027
1696,-45368.0,0.02,500000,3262486,0.0027
1697,-11770.0,0.02,500000,3264486,0.0027
1698,-31979.0,0.02,500000,3266486,0.0027
1699,-26669.0,0.02,500000,3268486,0.0027
1700,-46620.0,0.02,500000,3269836,0.0028
1701,-50367.0,0.02,500000,3271836,0.0028
1702,-10167.0,0.02,500000,3273836,0.0028
1703,-19780.0,0.02,500000,3275836,0.0028
1704,-47778.0,0.02,500000,3277836,0.0028
1705,-16367.0,0.02,500000,3279836,0.0028
1706,-24969.0,0.02,500000,3281836,0.0028
1707,-45180.0,0.02,500000,3283836,0.0028
1708,-1970.0,0.02,500000,3285836,0.0028
1709,-51769.0,0.02,500000,3287836,0.0028
1710,-79971.0,0.02,500000,3289836,0.0026
1711,-66167.0,0.02,500000,3291836,0.0026
1712,-60670.0,0.02,500000,3293836,0.0026
1713,-62367.0,0.02,500000,3295836,0.0026
1714,-6167.0,0.02,500000,3297836,0.0026
1715,-34967.0,0.02,500000,3299836,0.0026
1716,-20579.0,0.02,500000,3301836,0.0026
1717,-32768.0,0.02,500000,3303836,0.0026
1718,-22969.0,0.02,500000,3305836,0.0026
1719,-39584.0,0.02,500000,3307836,0.0026
1720,-43167.0,0.02,500000,3309836,0.0025
1721,-27370.0,0.02,500000,3311836,0.0025
1722,-14568.0,0.02,500000,3313836,0.0025
1723,-39367.0,0.02,500000,3315836,0.0025
1724,-60288.0,0.02,500000,3317836,0.0025
1725,-19668.0,0.02,500000,3319836,0.0025
1726,-117371.0,0.02,500000,3321836,0.0025
1727,-41270.0,0.02,500000,3323836,0.0025
1728,-45967.0,0.02,500000,3325836,0.0025
1729,-49070.0,0.02,500000,3327836,0.0025
1730,-56781.0,0.02,500000,3329836,0.0026
1731,-94668.0,0.02,500000,3331836,0.0026
1732,-16768.0,0.02,500000,3333836,0.0026
1733,-61769.0,0.02,500000,3335836,0.0026
1734,-72482.0,0.02,500000,3337836,0.0026
1735,-77072.0,0.02,500000,3339836,0.0026
1736,-5269.0,0.02,500000,3341836,0.0026
1737,-14767.0,0.02,500000,3343836,0.0026
1738,-15569.0,0.02,500000,3345836,0.0026
1739,-15367.0,0.02,500000,3347836,0.0026
1740,-44568.0,0.02,500000,3349836,0.0025
1741,-14778.0,0.02,500000,3351836,0.0025
1742,-41769.0,0.02,500000,3353836,0.0025
1743,-35983.0,0.02,500000,3355836,0.0025
1744,-50670.0,0.02,500000,3357836,0.0025
1745,-18369.0,0.02,500000,3359836,0.0025
1746,-19367.0,0.02,500000,3361836,0.0025
1747,-24272.0,0.02,500000,3363836,0.0025
1748,-24769.0,0.02,500000,3365836,0.0025
1749,-57879.0,0.02,500000,3367836,0.0025
1750,-21368.0,0.02,500000,3369836,0.0025
1751,-38768.0,0.02,500000,3371836,0.0025
1752,1768.0,0.02,500000,3372200,0.0025
1753,-12367.0,0.02,500000,3374200,0.0025
1754,-52476.0,0.02,500000,3376200,0.0025
1755,-49967.0,0.02,500000,3378200,0.0025
1756,-25251.0,0.02,500000,3380181,0.0025
1757,-29574.0,0.02,500000,3382181,0.0025
1758,-64983.0,0.02,500000,3384181,0.0025
1759,-76371.0,0.02,500000,3386181,0.0025
1760,-19487.0,0.02,500000,3388181,0.0023
1761,-28980.0,0.02,500000,3390181,0.0023
1762,-92371.0,0.02,500000,3392181,0.0023
1763,-1868.0,0.02,500000,3394181,0.0023
1764,-3394.0,0.02,500000,3394504,0.0023
1765,-73371.0,0.02,500000,3396504,0.0023
1766,-4868.0,0.02,500000,3398504,0.0023
1767,-62971.0,0.02,500000,3400504,0.0023
1768,-26869.0,0.02,500000,3402504,0.0023
1769,-67369.0,0.02,500000,3404504,0.0023
1770,-55367.0,0.02,500000,3406504,0.0024
1771,-72787.0,0.02,500000,3408504,0.0024
1772,-80375.0,0.02,500000,3410504,0.0024
1773,-13567.0,0.02,500000,3412504,0.0024
1774,-35979.0,0.02,500000,3414504,0.0024
1775,-14488.0,0.02,500000,3416504,0.0024
1776,-10988.0,0.02,500000,3418504,0.0024
1777,-69169.0,0.02,500000,3420504,0.0024
1778,-55672.0,0.02,500000,3422504,0.0024
1779,-49274.0,0.02,500000,3424504,0.0024
1780,-49469.0,0.02,500000,3426504,0.0023
1781,-9771.0,0.02,500000,3428504,0.0023
1782,-35568.0,0.02,500000,3430504,0.0023
1783,-28371.0,0.02,500000,3432504,0.0023
1784,-8567.0,0.02,500000,3434504,0.0023
1785,-76870.0,0.02,500000,3436504,0.0023
1786,-24367.0,0.02,500000,3438504,0.0023
1787,-65172.0,0.02,500000,3440504,0.0023
1788,-36569.0,0.02,500000,3442504,0.0023
1789,-1874.0,0.02,500000,3444504,0.0023
1790,-11669.0,0.02,500000,3446504,0.0023
1791,-62183.0,0.02,500000,3448504,0.0023
1792,-16976.0,0.02,500000,3450504,0.0023
1793,-43072.0,0.02,500000,3452504,0.0023
1794,-17268.0,0.02,500000,3454504,0.0023
1795,1633.0,0.02,500000,3454999,0.0023
1796,-59672.0,0.02,500000,3456999,0.0023
1797,-48068.0,0.02,500000,3458999,0.0023
1798,-69881.0,0.02,500000,3460999,0.0023
1799,-28876.0,0.02,500000,3462999,0.0023
1800,-2971.0,0.02,500000,3464999,0.0024
1801,-51468.0,0.02,500000,3466999,0.0024
1802,-20680.0,0.02,500000,3468999,0.0024
1803,-3171.0,0.02,500000,3470999,0.0024
1804,-11368.0,0.02,500000,3472999,0.0024
1805,-68567.0,0.02,500000,3474999,0.0024
1806,-39767.0,0.02,500000,3476999,0.0024
1807,-14868.0,0.02,500000,3478999,0.0024
1808,-10967.0,0.02,500000,3480999,0.0024
1809,-11387.0,0.02,500000,3482999,0.0024
1810,-39470.0,0.02,500000,3484999,0.0023
1811,-50987.0,0.02,500000,3486999,0.0023
1812,-133868.0,0.02,500000,3488999,0.0023
1813,-15976.0,0.02,500000,3490999,0.0023
1814,-49382.0,0.02,500000,3492999,0.0023
1815,-16178.0,0.02,500000,3494999,0.0023
1816,-77167.0,0.02,500000,3496999,0.0023
1817,1889.0,0.02,500000,3497242,0.0023
1818,-35971.0,0.02,500000,3499242,0.0023
1819,-5768.0,0.02,500000,3501242,0.0023
1820,-10387.0,0.02,500000,3503242,0.0023
1821,-87567.0,0.02,500000,3505242,0.0023
1822,-57767.0,0.02,500000,3507242,0.0023
1823,-41771.0,0.02,500000,3509242,0.0023
1824,-83171.0,0.02,500000,3511242,0.0023
1825,-5169.0,0.02,500000,3513242,0.0023
1826,-30770.0,0.02,500000,3515242,0.0023
1827,-17368.0,0.02,500000,3517242,0.0023
1828,-14070.0,0.02,500000,3519242,0.0023
1829,-14967.0,0.02,500000,3521242,0.0023
1830,-12476.0,0.02,500000,3523242,0.0023
1831,-5771.0,0.02,500000,3525242,0.0023
1832,-43470.0,0.02,500000,3527242,0.0023
1833,-34380.0,0.02,500000,3529242,0.0023
1834,-57772.0,0.02,500000,3531242,0.0023
1835,-10170.0,0.02,500000,3533242,0.0023
1836,-24967.0,0.02,500000,3535242,0.0023
1837,-48573.0,0.02,500000,3537242,0.0023
1838,-30567.0,0.02,500000,3539242,0.0023
1839,-23769.0,0.02,500000,3541242,0.0023
1840,-31571.0,0.02,500000,3543242,0.0027
1841,-10387.0,0.02,500000,3545242,0.0027
1842,-5373.0,0.02,500000,3547242,0.0027
1843,-18169.0,0.02,500000,3549242,0.0027
1844,-60382.0,0.02,500000,3551242,0.0027
1845,-20567.0,0.02,500000,3553242,0.0027
1846,-26954.0,0.02,500000,3554528,0.0027
1847,-42767.0,0.02,500000,3556528,0.0027
1848,-22567.0,0.02,500000,3558528,0.0027
1849,-14976.0,0.02,500000,3560528,0.0027
1850,-25367.0,0.02,500000,3562528,0.0021
1851,-39769.0,0.02,500000,3564528,0.0021
1852,-17969.0,0.02,500000,3566528,0.0021
1853,-28577.0,0.02,500000,3568528,0.0021
1854,-4767.0,0.02,500000,3570528,0.0021
1855,-19169.0,0.02,500000,3572528,0.0021
1856,-10367.0,0.02,500000,3574528,0.0021
1857,-66068.0,0.02,500000,3576528,0.0021
1858,-42371.0,0.02,500000,3578528,0.0021
1859,-23769.0,0.02,500000,3580528,0.0021
1860,-41668.0,0.02,500000,3582528,0.0024
1861,-21187.0,0.02,500000,3584528,0.0024
1862,-15868.0,0.02,500000,3586528,0.0024
1863,-24172.0,0.02,500000,3588528,0.0024
1864,-40167.0,0.02,500000,3590528,0.0024
1865,-11974.0,0.02,500000,3592528,0.0024
1866,-6868.0,0.02,500000,3594528,0.0024
1867,-53567.0,0.02,500000,3596528,0.0024
1868,-25567.0,0.02,500000,3598528,0.0024
1869,-37167.0,0.02,500000,3600528,0.0024
1870,-9373.0,0.02,500000,3602528,0.0023
1871,-8169.0,0.02,500000,3604528,0.0023
1872,-58084.0,0.02,500000,3606528,0.0023
1873,-32967.0,0.02,500000,3608528,0.0023
1874,-27967.0,0.02,500000,3610528,0.0023
1875,-21781.0,0.02,500000,3612528,0.0023
1876,-59179.0,0.02,500000,3614528,0.0023
1877,-15571.0,0.02,500000,3616528,0.0023
1878,-31567.0,0.02,500000,3618528,0.0023
1879,-26367.0,0.02,500000,3620528,0.0023
1880,-40071.0,0.02,500000,3622528,0.0023
1881,-38787.0,0.02,500000,3624528,0.0023
1882,-8367.0,0.02,500000,3626528,0.0023
1883,-38574.0,0.02,500000,3628528,0.0023
1884,-60468.0,0.02,500000,3630528,0.0023
1885,-28369.0,0.02,500000,3632528,0.0023
1886,-13979.0,0.02,500000,3634528,0.0023
1887,-80571.0,0.02,500000,3636528,0.0023
1888,-9985.0,0.02,500000,3638528,0.0023
1889,-35785.0,0.02,500000,3640528,0.0023
1890,-9571.0,0.02,500000,3642528,0.0023
1891,-10967.0,0.02,500000,3644528,0.0023
1892,-44768.0,0.02,500000,3646528,0.0023
1893,-44771.0,0.02,500000,3648528,0.0023
1894,-50784.0,0.02,500000,3650528,0.0023
1895,-39884.0,0.02,500000,3652528,0.0023
1896,-3767.0,0.02,500000,3654528,0.0023
1897,-44371.0,0.02,500000,3656528,0.0023
1898,-29885.0,0.02,500000,3658528,0.0023
1899,-16783.0,0.02,500000,3660528,0.0023
1900,-50567.0,0.02,500000,3662528,0.0021
1901,-54072.0,0.02,500000,3664528,0.0021
1902,-7176.0,0.02,500000,3666528,0.0021
1903,-23567.0,0.02,500000,3668528,0.0021
1904,-10468.0,0.02,500000,3670528,0.0021
1905,-4310.0,0.02,500000,3670970,0.0021
1906,-75379.0,0.02,500000,3672970,0.0021
1907,-45068.0,0.02,500000,3674970,0.0021
1908,-59171.0,0.02,500000,3676970,0.0021
1909,-5170.0,0.02,500000,3678970,0.0021
1910,-13967.0,0.02,500000,3680970,0.0021
1911,-63769.0,0.02,500000,3682970,0.0021
1912,-24381.0,0.02,500000,3684970,0.0021
1913,-29167.0,0.02,500000,3686970,0.0021
1914,-12567.0,0.02,500000,3688970,0.0021
1915,-18776.0,0.02,500000,3690970,0.0021
1916,-16767.0,0.02,500000,3692970,0.0021
1917,-16468.0,0.02,500000,3694970,0.0021
1918,-18767.0,0.02,500000,3696970,0.0021
1919,-79567.0,0.02,500000,3698970,0.0021
1920,-4779.0,0.02,500000,3700970,0.0021
1921,-40567.0,0.02,500000,3702970,0.0021
1922,-49376.0,0.02,500000,3704970,0.0021
1923,-18972.0,0.02,500000,3706970,0.0021
1924,-1987.0,0.02,500000,3708970,0.0021
1925,-80880.0,0.02,500000,3710970,0.0021
1926,-17367.0,0.02,500000,3712970,0.0021
1927,-19567.0,0.02,500000,3714970,0.0021
1928,-1981.0,0.02,500000,3716970,0.0021
1929,-29171.0,0.02,500000,3718970,0.0021
1930,-2868.0,0.02,500000,3720970,0.1987
1931,-23971.0,0.02,500000,3722970,0.1987
1932,-58468.0,0.02,500000,3724970,0.1987
1933,-40169.0,0.02,500000,3726970,0.1987
1934,-27468.0,0.02,500000,3728970,0.1987
1935,-28167.0,0.02,500000,3730970,0.1987
1936,-74774.0,0.02,500000,3732970,0.1987
1937,1043.0,0.02,500000,3734056,0.1987
1938,-4170.0,0.02,500000,3736056,0.1987
1939,-37767.0,0.02,500000,3738056,0.1987
1940,-29367.0,0.02,500000,3740056,0.1809
1941,-60277.0,0.02,500000,3742056,0.1809
1942,-23173.0,0.02,500000,3744056,0.1809
1943,-40171.0,0.02,500000,3746056,0.1809
1944,-82973.0,0.02,500000,3748056,0.1809
1945,-29183.0,0.02,500000,3750056,0.1809
1946,-45468.0,0.02,500000,3752056,0.1809
1947,-1968.0,0.02,500000,3754056,0.1809
1948,-25568.0,0.02,500000,3756056,0.1809
1949,-51567.0,0.02,500000,3758056,0.1809
1950,-58367.0,0.02,500000,3760056,0.1792
1951,-7975.0,0.02,500000,3762056,0.1792
1952,-1967.0,0.02,500000,3764056,0.1792
1953,-53376.0,0.02,500000,3766056,0.1792
1954,-117080.0,0.02,500000,3768056,0.1792
1955,-53179.0,0.02,500000,3770056,0.1792
1956,-54367.0,0.02,500000,3772056,0.1792
1957,-59567.0,0.02,500000,3774056,0.1792
1958,-42472.0,0.02,500000,3776056,0.1792
1959,-61967.0,0.02,500000,3778056,0.1792
1960,-22168.0,0.02,500000,3780056,0.0028
1961,-58869.0,0.02,500000,3782056,0.0028
1962,-20770.0,0.02,500000,3784056,0.0028
1963,-17969.0,0.02,500000,3786056,0.0028
1964,-14368.0,0.02,500000,3788056,0.0028
1965,-31770.0,0.02,500000,3790056,0.0028
1966,-5167.0,0.02,500000,3792056,0.0028
1967,-46187.0,0.02,500000,3794056,0.0028
1968,-146272.0,0.02,500000,3796056,0.0028
1969,-36979.0,0.02,500000,3798056,0.0028
1970,-63400.0,0.02,500000,3800056,0.0029
1971,-1870.0,0.02,500000,3802056,0.0029
1972,-21268.0,0.02,500000,3804056,0.0029
1973,-66369.0,0.02,500000,3806056,0.0029
1974,-28868.0,0.02,500000,3808056,0.0029
1975,-29668.0,0.02,500000,3810056,0.0029
1976,-42470.0,0.02,500000,3812056,0.0029
1977,-41167.0,0.02,500000,3814056,0.0029
1978,-38371.0,0.02,500000,3816056,0.0029
1979,-1969.0,0.02,500000,3818056,0.0029
1980,-116670.0,0.02,500000,3820056,0.0029
1981,-32969.0,0.02,500000,3822056,0.0029
1982,-36767.0,0.02,500000,3824056,0.0029
1983,-107668.0,0.02,500000,3826056,0.0029
1984,-22172.0,0.02,500000,3828056,0.0029
1985,-6343.0,0.02,500000,3829526,0.0029
1986,-12184.0,0.02,500000,3831526,0.0029
1987,-1969.0,0.02,500000,3833526,0.0029
1988,-92371.0,0.02,500000,3835526,0.0029
1989,-12575.0,0.02,500000,3837526,0.0029
1990,-54967.0,0.02,500000,3839526,0.1870
1991,-8577.0,0.02,500000,3841526,0.1870
1992,-53767.0,0.02,500000,3843526,0.1870
1993,-42169.0,0.02,500000,3845526,0.1870
1994,-31687.0,0.02,500000,3847526,0.1870
1995,-53967.0,0.02,500000,3849526,0.1870
1996,-7069.0,0.02,500000,3851526,0.1870
1997,-86369.0,0.02,500000,3853526,0.1870
1998,-36285.0,0.02,500000,3855526,0.1870
1999,-15186.0,0.02,500000,3857526,0.1870
2000,-30470.0,0.02,500000,3859526,0.0033
