episode,return,epsilon,replay_size,steps
1,-13378.0,0.99525,1000,1000
2,-3985.0,0.9905,2000,2000
3,-20567.0,0.98575,3000,3000
4,-17970.0,0.981,4000,4000
5,-10571.0,0.97625,5000,5000
6,-15368.0,0.9715,6000,6000
7,-974.0,0.96675,7000,7000
8,-869.0,0.962,8000,8000
9,-40368.0,0.95725,9000,9000
10,-967.0,0.9525,10000,10000
11,-4971.0,0.94775,11000,11000
12,-73986.0,0.9430000000000001,12000,12000
13,-32167.0,0.93825,13000,13000
14,-1569.0,0.9335,14000,14000
15,-22368.0,0.92875,15000,15000
16,-12679.0,0.924,16000,16000
17,-32367.0,0.91925,17000,17000
18,-3370.0,0.9145,18000,18000
19,-967.0,0.9097500000000001,19000,19000
20,-27975.0,0.905,20000,20000
21,-3569.0,0.90025,21000,21000
22,-976.0,0.8955,22000,22000
23,-981.0,0.89075,23000,23000
24,-44384.0,0.886,24000,24000
25,-12570.0,0.88125,25000,25000
26,-31169.0,0.8765000000000001,26000,26000
27,-29176.0,0.87175,27000,27000
28,-25784.0,0.867,28000,28000
29,-9974.0,0.86225,29000,29000
30,-25167.0,0.8575,30000,30000
31,-15574.0,0.85275,31000,31000
32,-44584.0,0.848,32000,32000
33,-7174.0,0.84325,33000,33000
34,-11774.0,0.8385,34000,34000
35,-37784.0,0.83375,35000,35000
36,-48384.0,0.829,36000,36000
37,-36569.0,0.82425,37000,37000
38,-16574.0,0.8195,38000,38000
39,-22369.0,0.81475,39000,39000
40,-11572.0,0.81,40000,40000
41,-33384.0,0.80525,41000,41000
42,-22490.0,0.8005,42000,42000
43,-54585.0,0.79575,43000,43000
44,-18367.0,0.791,44000,44000
45,-44570.0,0.78625,45000,45000
46,-1974.0,0.7815,46000,46000
47,-47567.0,0.77675,47000,47000
48,-42184.0,0.772,48000,48000
49,-20984.0,0.76725,49000,49000
50,-59374.0,0.7625,50000,50000
51,-13577.0,0.75775,51000,51000
52,-978.0,0.753,52000,52000
53,-8869.0,0.7482500000000001,53000,53000
54,-46171.0,0.7435,54000,54000
55,-9575.0,0.73875,55000,55000
56,-27973.0,0.734,56000,56000
57,-7783.0,0.72925,57000,57000
58,-41785.0,0.7245,58000,58000
59,-33167.0,0.71975,59000,59000
60,-974.0,0.7150000000000001,60000,60000
61,-37384.0,0.71025,61000,61000
62,-10987.0,0.7055,62000,62000
63,-5971.0,0.70075,63000,63000
64,-4368.0,0.696,64000,64000
65,-984.0,0.69125,65000,65000
66,-69784.0,0.6865,66000,66000
67,-22270.0,0.6817500000000001,67000,67000
68,-8785.0,0.677,68000,68000
69,-14771.0,0.67225,69000,69000
70,-17576.0,0.6675,70000,70000
71,-982.0,0.66275,71000,71000
72,-18985.0,0.658,72000,72000
73,-47172.0,0.65325,73000,73000
74,-16568.0,0.6485000000000001,74000,74000
75,-22973.0,0.64375,75000,75000
76,-2570.0,0.639,76000,76000
77,-37184.0,0.63425,77000,77000
78,-25372.0,0.6295,78000,78000
79,-972.0,0.62475,79000,79000
80,-978.0,0.62,80000,80000
81,-972.0,0.6152500000000001,81000,81000
82,-45374.0,0.6105,82000,82000
83,-11384.0,0.60575,83000,83000
84,-993.0,0.601,84000,84000
85,-55373.0,0.59625,85000,85000
86,-42567.0,0.5915,86000,86000
87,-8968.0,0.58675,87000,87000
88,-4895.0,0.5820000000000001,88000,88000
89,-970.0,0.57725,89000,89000
90,1429.0,0.57391075,89703,89703
91,-50770.0,0.56916075,90703,90703
92,-875.0,0.56441075,91703,91703
93,-24778.0,0.5596607499999999,92703,92703
94,-6777.0,0.55491075,93703,93703
95,-46387.0,0.55016075,94703,94703
96,-8770.0,0.54541075,95703,95703
97,-869.0,0.54066075,96703,96703
98,-984.0,0.53591075,97703,97703
99,-14575.0,0.53116075,98703,98703
100,-972.0,0.52641075,99703,99703
101,-975.0,0.52166075,100000,100703
102,-27174.0,0.51691075,100000,101703
103,-24378.0,0.51216075,100000,102703
104,-10774.0,0.50741075,100000,103703
105,-984.0,0.50266075,100000,104703
106,-4774.0,0.49791075000000007,100000,105703
107,-86182.0,0.49316075000000004,100000,106703
108,-46984.0,0.48841075,100000,107703
109,-15976.0,0.4836607500000001,100000,108703
110,-878.0,0.47891075000000005,100000,109703
111,-982.0,0.47416075,100000,110703
112,-12175.0,0.46941075,100000,111703
113,-93576.0,0.46466075000000007,100000,112703
114,-32976.0,0.45991075000000003,100000,113703
115,-12173.0,0.45516075,100000,114703
116,-17767.0,0.45041074999999997,100000,115703
117,-17572.0,0.44566075000000005,100000,116703
118,-974.0,0.44091075,100000,117703
119,-14385.0,0.43616075,100000,118703
120,-991.0,0.43141074999999995,100000,119703
121,-872.0,0.42666075000000003,100000,120703
122,-976.0,0.42191075,100000,121703
123,-974.0,0.41716074999999997,100000,122703
124,-72172.0,0.41241074999999994,100000,123703
125,-869.0,0.40766075,100000,124703
126,-55375.0,0.40291075,100000,125703
127,-22186.0,0.39816074999999995,100000,126703
128,-969.0,0.39341075000000003,100000,127703
129,-14272.0,0.3886607500000001,100000,128703
130,-48175.0,0.3839107500000001,100000,129703
131,-983.0,0.37916075000000005,100000,130703
132,1931.0,0.3783057500000001,100000,130883
133,-974.0,0.3735557500000001,100000,131883
134,-25767.0,0.36880575000000004,100000,132883
135,-20178.0,0.36405575,100000,133883
136,-26272.0,0.3593057500000001,100000,134883
137,-69167.0,0.35455575000000006,100000,135883
138,-982.0,0.34980575,100000,136883
139,-14681.0,0.34505575,100000,137883
140,-15787.0,0.3403057500000001,100000,138883
141,-4979.0,0.33555575000000004,100000,139883
142,-17976.0,0.33080575,100000,140883
143,-85372.0,0.32605575,100000,141883
144,-27167.0,0.32130575000000006,100000,142883
145,-37376.0,0.31655575,100000,143883
146,-48174.0,0.31180575,100000,144883
147,-33979.0,0.30705574999999996,100000,145883
148,-37982.0,0.30230575000000004,100000,146883
149,-972.0,0.29755575,100000,147883
150,-47578.0,0.29280575,100000,148883
151,-30774.0,0.28805574999999994,100000,149883
152,-18567.0,0.28330575000000013,100000,150883
153,-53380.0,0.2785557500000001,100000,151883
154,-6388.0,0.27380575000000007,100000,152883
155,-3574.0,0.26905575000000004,100000,153883
156,-11184.0,0.2643057500000001,100000,154883
157,-30967.0,0.2595557500000001,100000,155883
158,-8972.0,0.25480575000000005,100000,156883
159,-62574.0,0.25005575,100000,157883
160,-4779.0,0.2453057500000001,100000,158883
161,-967.0,0.24055575000000007,100000,159883
162,-22878.0,0.23580575000000004,100000,160883
163,-28769.0,0.23105575,100000,161883
164,-44568.0,0.22630575000000008,100000,162883
165,-968.0,0.22155575000000005,100000,163883
166,-12577.0,0.21680575000000002,100000,164883
167,-972.0,0.21205575,100000,165883
168,-32967.0,0.20730575000000007,100000,166883
169,-53572.0,0.20255575000000003,100000,167883
170,1878.0,0.20140625000000012,100000,168125
171,-14070.0,0.1966562500000001,100000,169125
172,-83776.0,0.19190625000000006,100000,170125
173,-13976.0,0.18715625000000002,100000,171125
174,-52374.0,0.1824062500000001,100000,172125
175,-35376.0,0.17765625000000007,100000,173125
176,-967.0,0.17290625000000004,100000,174125
177,1144.0,0.16825600000000007,100000,175104
178,-5591.0,0.16350600000000004,100000,176104
179,-15370.0,0.15875600000000012,100000,177104
180,-6367.0,0.1540060000000001,100000,178104
181,-5368.0,0.14925600000000006,100000,179104
182,-10167.0,0.14450600000000002,100000,180104
183,-48172.0,0.1397560000000001,100000,181104
184,-21372.0,0.13500600000000007,100000,182104
185,-83169.0,0.13025600000000004,100000,183104
186,-6598.0,0.12878349999999994,100000,183414
187,-43972.0,0.12403350000000013,100000,184414
188,-25670.0,0.1192835000000001,100000,185414
189,-31068.0,0.11453350000000007,100000,186414
190,-24372.0,0.10978350000000003,100000,187414
191,-6970.0,0.10503350000000011,100000,188414
192,-44973.0,0.10028350000000008,100000,189414
193,-12268.0,0.09553350000000005,100000,190414
194,-64367.0,0.09078350000000002,100000,191414
195,-82169.0,0.0860335000000001,100000,192414
196,1762.0,0.0843425000000001,100000,192770
197,-976.0,0.07959250000000007,100000,193770
198,-83968.0,0.07484250000000003,100000,194770
199,-10369.0,0.0700925,100000,195770
200,-44772.0,0.06534250000000008,100000,196770
201,-37367.0,0.06059250000000005,100000,197770
202,-36376.0,0.05584250000000002,100000,198770
203,-40172.0,0.051092499999999985,100000,199770
204,-5782.0,0.05,100000,200770
205,-6370.0,0.05,100000,201770
206,-71967.0,0.05,100000,202770
207,-5567.0,0.05,100000,203770
208,-45174.0,0.05,100000,204770
209,-30071.0,0.05,100000,205770
210,-52193.0,0.05,100000,206770
211,-11372.0,0.05,100000,207770
212,-13176.0,0.05,100000,208770
213,-75372.0,0.05,100000,209770
214,-29172.0,0.05,100000,210770
215,-51572.0,0.05,100000,211770
216,-47969.0,0.05,100000,212770
217,-44468.0,0.05,100000,213770
218,-71576.0,0.05,100000,214770
219,-34771.0,0.05,100000,215770
220,-35172.0,0.05,100000,216770
221,-26286.0,0.05,100000,217770
222,-15370.0,0.05,100000,218770
223,-13789.0,0.05,100000,219770
224,-8967.0,0.05,100000,220770
225,-16167.0,0.05,100000,221770
226,-28964.0,0.05,100000,222263
227,-51162.0,0.05,100000,222957
228,-39276.0,0.05,100000,223957
229,-73371.0,0.05,100000,224957
230,-28186.0,0.05,100000,225957
231,1782.0,0.05,100000,226305
232,-41186.0,0.05,100000,227305
233,-29372.0,0.05,100000,228305
234,-51781.0,0.05,100000,229305
235,-64183.0,0.05,100000,230305
236,-97967.0,0.05,100000,231305
237,-50567.0,0.05,100000,232305
238,-62572.0,0.05,100000,233305
239,-1021.0,0.05,100000,233644
240,-35374.0,0.05,100000,234644
241,-44178.0,0.05,100000,235644
242,-27572.0,0.05,100000,236644
243,-156591.0,0.05,100000,237644
244,-23573.0,0.05,100000,238644
245,-77567.0,0.05,100000,239644
246,-27372.0,0.05,100000,240644
247,-37383.0,0.05,100000,241644
248,-64576.0,0.05,100000,242644
249,-967.0,0.05,100000,243644
250,-26582.0,0.05,100000,244644
251,-57971.0,0.05,100000,245644
252,-24576.0,0.05,100000,246644
253,-107668.0,0.05,100000,247644
254,-154373.0,0.05,100000,248644
255,-157395.0,0.05,100000,249644
256,-162381.0,0.05,100000,250644
257,-73568.0,0.05,100000,251644
258,-987.0,0.05,100000,252644
259,-14851.0,0.05,100000,253027
260,-97779.0,0.05,100000,254027
261,-134868.0,0.05,100000,255027
262,-71670.0,0.05,100000,256027
263,-90380.0,0.05,100000,257027
264,-161384.0,0.05,100000,258027
265,-51172.0,0.05,100000,259027
266,-178188.0,0.05,100000,260027
267,-144784.0,0.05,100000,261027
268,-4571.0,0.05,100000,262027
269,-142668.0,0.05,100000,263027
270,-18181.0,0.05,100000,264027
271,-51575.0,0.05,100000,265027
272,1898.0,0.05,100000,265241
273,-55176.0,0.05,100000,266241
274,-56967.0,0.05,100000,267241
275,-92775.0,0.05,100000,268241
276,-101388.0,0.05,100000,269241
277,-118588.0,0.05,100000,270241
278,-95182.0,0.05,100000,271241
279,-123367.0,0.05,100000,272241
280,-139374.0,0.05,100000,273241
281,-146371.0,0.05,100000,274241
282,-77372.0,0.05,100000,275241
283,-62977.0,0.05,100000,276241
284,-81977.0,0.05,100000,277241
285,-124176.0,0.05,100000,278241
286,-59187.0,0.05,100000,279241
287,-82567.0,0.05,100000,280241
288,-77625.0,0.05,100000,281180
289,-86174.0,0.05,100000,282180
290,-50793.0,0.05,100000,283180
291,-13068.0,0.05,100000,284180
292,-31367.0,0.05,100000,285180
293,-32767.0,0.05,100000,286180
294,-49772.0,0.05,100000,287180
295,-59979.0,0.05,100000,288180
296,-16367.0,0.05,100000,289180
297,-52768.0,0.05,100000,290180
298,-44471.0,0.05,100000,291180
299,-70569.0,0.05,100000,292180
300,-138769.0,0.05,100000,293180
301,-85969.0,0.05,100000,294180
302,-130382.0,0.05,100000,295180
303,-63567.0,0.05,100000,296180
304,-194872.0,0.05,100000,297180
305,-77973.0,0.05,100000,298180
306,-47570.0,0.05,100000,299180
307,-162984.0,0.05,100000,300180
308,-120268.0,0.05,100000,301180
309,-142775.0,0.05,100000,302180
310,-122967.0,0.05,100000,303180
311,-125778.0,0.05,100000,304180
312,-89170.0,0.05,100000,305180
313,-105769.0,0.05,100000,306180
314,-145978.0,0.05,100000,307180
315,-26774.0,0.05,100000,308180
316,1345.0,0.05,100000,308961
317,-130372.0,0.05,100000,309961
318,-141379.0,0.05,100000,310961
319,-138368.0,0.05,100000,311961
320,-115169.0,0.05,100000,312961
321,-62171.0,0.05,100000,313961
322,-103581.0,0.05,100000,314961
323,-146379.0,0.05,100000,315961
324,-166779.0,0.05,100000,316961
325,-460.0,0.05,100000,317540
326,-161184.0,0.05,100000,318540
327,-95787.0,0.05,100000,319540
328,-84969.0,0.05,100000,320540
329,-141973.0,0.05,100000,321540
330,-170971.0,0.05,100000,322540
331,-163184.0,0.05,100000,323540
332,-139569.0,0.05,100000,324540
333,-140177.0,0.05,100000,325540
334,-99567.0,0.05,100000,326540
335,-116370.0,0.05,100000,327540
336,-44935.0,0.05,100000,328397
337,-199977.0,0.05,100000,329397
338,-971.0,0.05,100000,330397
339,-57074.0,0.05,100000,331397
340,-967.0,0.05,100000,332397
341,-133784.0,0.05,100000,333397
342,-118772.0,0.05,100000,334397
343,-30984.0,0.05,100000,335397
344,-114784.0,0.05,100000,336397
345,-42596.0,0.05,100000,337397
346,-25383.0,0.05,100000,338397
347,-184986.0,0.05,100000,339397
348,-29177.0,0.05,100000,340397
349,-35576.0,0.05,100000,341397
350,-76072.0,0.05,100000,342397
351,-108986.0,0.05,100000,343397
352,-70186.0,0.05,100000,344397
353,-35981.0,0.05,100000,345397
354,-984.0,0.05,100000,346397
355,-21968.0,0.05,100000,347397
356,-65386.0,0.05,100000,348397
357,-145186.0,0.05,100000,349397
358,-81367.0,0.05,100000,350397
359,-977.0,0.05,100000,351397
360,-32572.0,0.05,100000,352397
361,1573.0,0.05,100000,352947
362,-58771.0,0.05,100000,353947
363,-153976.0,0.05,100000,354947
364,-99386.0,0.05,100000,355947
365,-92172.0,0.05,100000,356947
366,-114984.0,0.05,100000,357947
367,-81184.0,0.05,100000,358947
368,-74573.0,0.05,100000,359947
369,-151984.0,0.05,100000,360947
370,-34367.0,0.05,100000,361947
371,-17971.0,0.05,100000,362947
372,-126984.0,0.05,100000,363947
373,-69567.0,0.05,100000,364947
374,-73379.0,0.05,100000,365947
375,-90777.0,0.05,100000,366947
376,-126786.0,0.05,100000,367947
377,-69787.0,0.05,100000,368947
378,-92384.0,0.05,100000,369947
379,-81367.0,0.05,100000,370947
380,-53969.0,0.05,100000,371947
381,-121170.0,0.05,100000,372947
382,-6468.0,0.05,100000,373344
383,-3767.0,0.05,100000,374344
384,-6576.0,0.05,100000,375344
385,-11167.0,0.05,100000,376344
386,-63374.0,0.05,100000,377344
387,-31384.0,0.05,100000,378344
388,-11169.0,0.05,100000,379344
389,-35376.0,0.05,100000,380344
390,-7767.0,0.05,100000,381344
391,-45785.0,0.05,100000,382344
392,-8784.0,0.05,100000,383344
393,-978.0,0.05,100000,384344
394,-16582.0,0.05,100000,385344
395,-20293.0,0.05,100000,385752
396,-984.0,0.05,100000,386752
397,-971.0,0.05,100000,387752
398,-84567.0,0.05,100000,388752
399,-984.0,0.05,100000,389752
400,-868.0,0.05,100000,390752
401,-151676.0,0.05,100000,391752
402,-994.0,0.05,100000,392752
403,-7167.0,0.05,100000,393752
404,-40469.0,0.05,100000,394752
405,-973.0,0.05,100000,395752
406,-27608.0,0.05,100000,396481
407,-41370.0,0.05,100000,397481
408,-11569.0,0.05,100000,398481
409,-45261.0,0.05,100000,399069
410,-14772.0,0.05,100000,400069
411,-45978.0,0.05,100000,401069
412,-53570.0,0.05,100000,402069
413,-979.0,0.05,100000,403069
414,-45468.0,0.05,100000,404069
415,-46772.0,0.05,100000,405069
416,-53968.0,0.05,100000,406069
417,-128772.0,0.05,100000,407069
418,-48974.0,0.05,100000,408069
419,-3375.0,0.05,100000,409069
420,-976.0,0.05,100000,410069
421,-972.0,0.05,100000,411069
422,-80976.0,0.05,100000,412069
423,-7784.0,0.05,100000,413069
424,-9167.0,0.05,100000,414069
425,-95390.0,0.05,100000,415069
426,-17992.0,0.05,100000,416069
427,-868.0,0.05,100000,417069
428,-9342.0,0.05,100000,417343
429,-969.0,0.05,100000,418343
430,-49173.0,0.05,100000,419343
431,-58168.0,0.05,100000,420343
432,-78576.0,0.05,100000,421343
433,-63367.0,0.05,100000,422343
434,-974.0,0.05,100000,423343
435,-1745.0,0.05,100000,423604
436,-10371.0,0.05,100000,424604
437,-981.0,0.05,100000,425604
438,-28169.0,0.05,100000,426604
439,-83179.0,0.05,100000,427604
440,-156568.0,0.05,100000,428604
441,1950.0,0.05,100000,428770
442,-44970.0,0.05,100000,429770
443,-7468.0,0.05,100000,430770
444,-179387.0,0.05,100000,431770
445,-50383.0,0.05,100000,432770
446,-182270.0,0.05,100000,433770
447,-116984.0,0.05,100000,434770
448,-162576.0,0.05,100000,435770
449,-67173.0,0.05,100000,436770
450,-2369.0,0.05,100000,437770
451,-1000.0,0.05,100000,438770
452,-107974.0,0.05,100000,439770
453,-1967.0,0.05,100000,440770
454,-14392.0,0.05,100000,441770
455,-1000.0,0.05,100000,442770
456,-153170.0,0.05,100000,443770
457,1173.0,0.05,100000,444726
458,-19972.0,0.05,100000,445726
459,2085.0,0.05,100000,445760
460,-192987.0,0.05,100000,446760
461,-149176.0,0.05,100000,447760
462,-984.0,0.05,100000,448760
463,-52567.0,0.05,100000,449760
464,-42386.0,0.05,100000,450760
465,-9774.0,0.05,100000,451760
466,-50376.0,0.05,100000,452760
467,1994.0,0.05,100000,452871
468,-975.0,0.05,100000,453871
469,-39984.0,0.05,100000,454871
470,-1000.0,0.05,100000,455871
471,-92367.0,0.05,100000,456871
472,-155982.0,0.05,100000,457871
473,-980.0,0.05,100000,458871
474,-71871.0,0.05,100000,459871
475,-41376.0,0.05,100000,460871
476,-976.0,0.05,100000,461871
477,-11186.0,0.05,100000,462871
478,-174373.0,0.05,100000,463871
479,-74774.0,0.05,100000,464871
480,-38976.0,0.05,100000,465871
481,-91468.0,0.05,100000,466871
482,-971.0,0.05,100000,467871
483,-158981.0,0.05,100000,468871
484,-126175.0,0.05,100000,469871
485,-3869.0,0.05,100000,470871
486,-13167.0,0.05,100000,471871
487,-30769.0,0.05,100000,472871
488,-45984.0,0.05,100000,473871
489,-29181.0,0.05,100000,474871
490,-3868.0,0.05,100000,475871
491,2047.0,0.05,100000,475947
492,-974.0,0.05,100000,476947
493,-3376.0,0.05,100000,477947
494,-60572.0,0.05,100000,478947
495,-870.0,0.05,100000,479947
496,-53400.0,0.05,100000,480947
497,-170470.0,0.05,100000,481947
498,-179782.0,0.05,100000,482947
499,-158768.0,0.05,100000,483947
500,-63176.0,0.05,100000,484947
501,1950.0,0.05,100000,485113
502,-175178.0,0.05,100000,486113
503,-12175.0,0.05,100000,487113
504,-32175.0,0.05,100000,488113
505,-17172.0,0.05,100000,489113
506,-72376.0,0.05,100000,490113
507,-1000.0,0.05,100000,491113
508,-973.0,0.05,100000,492113
509,-68572.0,0.05,100000,493113
510,-4198.0,0.05,100000,493641
511,-1574.0,0.05,100000,494641
512,-971.0,0.05,100000,495641
513,-66974.0,0.05,100000,496641
514,-1000.0,0.05,100000,497641
515,-123367.0,0.05,100000,498641
516,-978.0,0.05,100000,499641
517,-182980.0,0.05,100000,500641
518,-59671.0,0.05,100000,501641
519,-976.0,0.05,100000,502641
520,-971.0,0.05,100000,503641
521,-2176.0,0.05,100000,504641
522,-6386.0,0.05,100000,505641
523,-19179.0,0.05,100000,506641
524,-975.0,0.05,100000,507641
525,-11375.0,0.05,100000,508641
526,-34971.0,0.05,100000,509641
527,-17989.0,0.05,100000,510641
528,-973.0,0.05,100000,511641
529,-1000.0,0.05,100000,512641
530,-122068.0,0.05,100000,513641
531,-972.0,0.05,100000,514641
532,-16976.0,0.05,100000,515641
533,-71576.0,0.05,100000,516641
534,-28773.0,0.05,100000,517641
535,-111167.0,0.05,100000,518641
536,-102576.0,0.05,100000,519641
537,-153779.0,0.05,100000,520641
538,-988.0,0.05,100000,521641
539,-16969.0,0.05,100000,522641
540,-984.0,0.05,100000,523641
541,-135573.0,0.05,100000,524641
542,-88983.0,0.05,100000,525641
543,-139168.0,0.05,100000,526641
544,-137271.0,0.05,100000,527641
545,-175371.0,0.05,100000,528641
546,-6168.0,0.05,100000,529641
547,-168577.0,0.05,100000,530641
548,-15771.0,0.05,100000,531641
549,-84781.0,0.05,100000,532641
550,-121771.0,0.05,100000,533641
551,-14367.0,0.05,100000,534641
552,-3969.0,0.05,100000,535641
553,-882.0,0.05,100000,536641
554,-976.0,0.05,100000,537641
555,-72569.0,0.05,100000,538641
556,-967.0,0.05,100000,539641
557,-15590.0,0.05,100000,540641
558,-42972.0,0.05,100000,541641
559,-94167.0,0.05,100000,542641
560,-3967.0,0.05,100000,543641
561,-34384.0,0.05,100000,544641
562,-105579.0,0.05,100000,545641
563,-63779.0,0.05,100000,546641
564,-62587.0,0.05,100000,547641
565,-12181.0,0.05,100000,548641
566,-97578.0,0.05,100000,549641
567,-981.0,0.05,100000,550641
568,-41977.0,0.05,100000,551641
569,-35272.0,0.05,100000,552641
570,-882.0,0.05,100000,553641
571,-981.0,0.05,100000,554641
572,-26767.0,0.05,100000,555641
573,-82769.0,0.05,100000,556641
574,-68971.0,0.05,100000,557641
575,-975.0,0.05,100000,558641
576,-20169.0,0.05,100000,559641
577,-975.0,0.05,100000,560641
578,-47774.0,0.05,100000,561641
579,-100569.0,0.05,100000,562641
580,-73468.0,0.05,100000,563641
581,-37172.0,0.05,100000,564641
582,-967.0,0.05,100000,565641
583,-139770.0,0.05,100000,566641
584,-971.0,0.05,100000,567641
585,-41771.0,0.05,100000,568641
586,-52369.0,0.05,100000,569641
587,-53168.0,0.05,100000,570641
588,-16767.0,0.05,100000,571641
589,-70379.0,0.05,100000,572641
590,-120380.0,0.05,100000,573641
591,-45000.0,0.05,100000,574641
592,-56384.0,0.05,100000,575641
593,-22567.0,0.05,100000,576641
594,-113468.0,0.05,100000,577641
595,-145977.0,0.05,100000,578641
596,-180780.0,0.05,100000,579641
597,-996.0,0.05,100000,580641
598,-57270.0,0.05,100000,581641
599,-35785.0,0.05,100000,582641
600,-77967.0,0.05,100000,583641
601,-32767.0,0.05,100000,584641
602,-38974.0,0.05,100000,585641
603,-54783.0,0.05,100000,586641
604,-41167.0,0.05,100000,587641
605,-35772.0,0.05,100000,588641
606,-75787.0,0.05,100000,589641
607,-131187.0,0.05,100000,590641
608,-106468.0,0.05,100000,591641
609,-14968.0,0.05,100000,592641
610,-27786.0,0.05,100000,593641
611,-3167.0,0.05,100000,594641
612,-104983.0,0.05,100000,595641
613,-77187.0,0.05,100000,596641
614,-153978.0,0.05,100000,597641
615,-34770.0,0.05,100000,598641
616,-969.0,0.05,100000,599641
617,-13178.0,0.05,100000,600641
618,-108971.0,0.05,100000,601641
619,-973.0,0.05,100000,602641
620,-976.0,0.05,100000,603641
621,-2174.0,0.05,100000,604641
622,-970.0,0.05,100000,605641
623,-7570.0,0.05,100000,606641
624,-976.0,0.05,100000,607641
625,-25571.0,0.05,100000,608641
626,-970.0,0.05,100000,609641
627,-882.0,0.05,100000,610641
628,-974.0,0.05,100000,611641
629,-876.0,0.05,100000,612641
630,-975.0,0.05,100000,613641
631,-970.0,0.05,100000,614641
632,-968.0,0.05,100000,615641
633,-1369.0,0.05,100000,616641
634,-5595.0,0.05,100000,617641
635,-983.0,0.05,100000,618641
636,-981.0,0.05,100000,619641
637,-976.0,0.05,100000,620641
638,-989.0,0.05,100000,621641
639,-984.0,0.05,100000,622641
640,-975.0,0.05,100000,623641
641,-984.0,0.05,100000,624641
642,-992.0,0.05,100000,625641
643,-967.0,0.05,100000,626641
644,-30072.0,0.05,100000,627641
645,-81773.0,0.05,100000,628641
646,-868.0,0.05,100000,629641
647,-971.0,0.05,100000,630641
648,-77972.0,0.05,100000,631641
649,-974.0,0.05,100000,632641
650,-868.0,0.05,100000,633641
651,-983.0,0.05,100000,634641
652,-24975.0,0.05,100000,635641
653,-976.0,0.05,100000,636641
654,-974.0,0.05,100000,637641
655,-982.0,0.05,100000,638641
656,-975.0,0.05,100000,639641
657,-20972.0,0.05,100000,640641
658,-976.0,0.05,100000,641641
659,-139967.0,0.05,100000,642641
660,-78600.0,0.05,100000,643641
661,-971.0,0.05,100000,644641
662,-13795.0,0.05,100000,645641
663,-65174.0,0.05,100000,646641
664,-6172.0,0.05,100000,647641
665,-111184.0,0.05,100000,648641
666,-112767.0,0.05,100000,649641
667,-66670.0,0.05,100000,650641
668,-108183.0,0.05,100000,651641
669,-57370.0,0.05,100000,652641
670,-972.0,0.05,100000,653641
671,-988.0,0.05,100000,654641
672,-16170.0,0.05,100000,655641
673,-118069.0,0.05,100000,656641
674,-131488.0,0.05,100000,657641
675,-1675.0,0.05,100000,658641
676,-57382.0,0.05,100000,659641
677,-39772.0,0.05,100000,660641
678,-29970.0,0.05,100000,661641
679,-136369.0,0.05,100000,662641
680,-98180.0,0.05,100000,663641
681,-73969.0,0.05,100000,664641
682,-12367.0,0.05,100000,665641
683,-167969.0,0.05,100000,666641
684,-93167.0,0.05,100000,667641
685,-76375.0,0.05,100000,668641
686,-51767.0,0.05,100000,669641
687,-54774.0,0.05,100000,670641
688,-145886.0,0.05,100000,671641
689,-91367.0,0.05,100000,672641
690,-127967.0,0.05,100000,673641
691,-56371.0,0.05,100000,674641
692,-66268.0,0.05,100000,675641
693,-90567.0,0.05,100000,676641
694,-188375.0,0.05,100000,677641
695,-83586.0,0.05,100000,678641
696,-81976.0,0.05,100000,679641
697,-980.0,0.05,100000,680641
698,-15767.0,0.05,100000,681641
699,-65572.0,0.05,100000,682641
700,-13778.0,0.05,100000,683641
701,-104376.0,0.05,100000,684641
702,-29976.0,0.05,100000,685641
703,-80382.0,0.05,100000,686641
704,-6000.0,0.05,100000,687641
705,2081.0,0.05,100000,687682
706,-70381.0,0.05,100000,688682
707,-111569.0,0.05,100000,689682
708,-33670.0,0.05,100000,690682
709,-124569.0,0.05,100000,691682
710,-150268.0,0.05,100000,692682
711,-75182.0,0.05,100000,693682
712,-151381.0,0.05,100000,694682
713,-868.0,0.05,100000,695682
714,-890.0,0.05,100000,696682
715,-993.0,0.05,100000,697682
716,-120776.0,0.05,100000,698682
717,-111983.0,0.05,100000,699682
718,-868.0,0.05,100000,700682
719,-34187.0,0.05,100000,701682
720,-62374.0,0.05,100000,702682
721,-1000.0,0.05,100000,703682
722,-136783.0,0.05,100000,704682
723,-57984.0,0.05,100000,705682
724,-134567.0,0.05,100000,706682
725,-986.0,0.05,100000,707682
726,-14000.0,0.05,100000,708682
727,1840.0,0.05,100000,708968
728,-15984.0,0.05,100000,709968
729,-80187.0,0.05,100000,710968
730,-116967.0,0.05,100000,711968
731,-19572.0,0.05,100000,712968
732,-153779.0,0.05,100000,713968
733,2078.0,0.05,100000,714007
734,-18979.0,0.05,100000,715007
735,-7369.0,0.05,100000,716007
736,-995.0,0.05,100000,717007
737,-114368.0,0.05,100000,718007
738,1856.0,0.05,100000,718281
739,354.0,0.05,100000,718655
740,-140068.0,0.05,100000,719655
741,-50982.0,0.05,100000,720655
742,-85371.0,0.05,100000,721655
743,-18767.0,0.05,100000,722655
744,-42574.0,0.05,100000,723655
745,-88985.0,0.05,100000,724655
746,-43182.0,0.05,100000,725655
747,-154567.0,0.05,100000,726655
748,-990.0,0.05,100000,727655
749,-83070.0,0.05,100000,728655
750,-871.0,0.05,100000,729655
751,-74976.0,0.05,100000,730655
752,-81570.0,0.05,100000,731655
753,-110569.0,0.05,100000,732655
754,-995.0,0.05,100000,733655
755,-23567.0,0.05,100000,734655
756,-981.0,0.05,100000,735655
757,-972.0,0.05,100000,736655
758,-50772.0,0.05,100000,737655
759,-97571.0,0.05,100000,738655
760,-39792.0,0.05,100000,739655
761,-35783.0,0.05,100000,740655
762,-150387.0,0.05,100000,741655
763,-115778.0,0.05,100000,742655
764,-23169.0,0.05,100000,743655
765,-134381.0,0.05,100000,744655
766,-991.0,0.05,100000,745655
767,-127967.0,0.05,100000,746655
768,1232.0,0.05,100000,747541
769,-52570.0,0.05,100000,748541
770,-3200.0,0.05,100000,749541
771,-43969.0,0.05,100000,750541
772,-981.0,0.05,100000,751541
773,-144967.0,0.05,100000,752541
774,-102785.0,0.05,100000,753541
775,-30882.0,0.05,100000,754541
776,-110784.0,0.05,100000,755541
777,-53567.0,0.05,100000,756541
778,-137167.0,0.05,100000,757541
779,1146.0,0.05,100000,758515
780,-972.0,0.05,100000,759515
781,-132167.0,0.05,100000,760515
782,-111985.0,0.05,100000,761515
783,-973.0,0.05,100000,762515
784,-109786.0,0.05,100000,763515
785,-1000.0,0.05,100000,764515
786,1769.0,0.05,100000,764878
787,-78980.0,0.05,100000,765878
788,-151675.0,0.05,100000,766878
789,-1979.0,0.05,100000,767878
790,-56167.0,0.05,100000,768878
791,-988.0,0.05,100000,769878
792,-131186.0,0.05,100000,770878
793,-19783.0,0.05,100000,771878
794,-872.0,0.05,100000,772878
795,-16168.0,0.05,100000,773878
796,-4767.0,0.05,100000,774878
797,-875.0,0.05,100000,775878
798,-972.0,0.05,100000,776878
799,-48577.0,0.05,100000,777878
800,-86370.0,0.05,100000,778878
801,-168172.0,0.05,100000,779878
802,-972.0,0.05,100000,780878
803,-181370.0,0.05,100000,781878
804,-35567.0,0.05,100000,782878
805,-4367.0,0.05,100000,783878
806,-6979.0,0.05,100000,784878
807,-129593.0,0.05,100000,785878
808,-66874.0,0.05,100000,786878
809,-31370.0,0.05,100000,787878
810,-158386.0,0.05,100000,788878
811,-7324.0,0.05,100000,789317
812,-987.0,0.05,100000,790317
813,-26283.0,0.05,100000,791317
814,-35400.0,0.05,100000,792317
815,-18170.0,0.05,100000,793317
816,-75373.0,0.05,100000,794317
817,-988.0,0.05,100000,795317
818,-129979.0,0.05,100000,796317
819,-967.0,0.05,100000,797317
820,-134969.0,0.05,100000,798317
821,-23177.0,0.05,100000,799317
822,-872.0,0.05,100000,800317
823,-40481.0,0.05,100000,801317
824,-1000.0,0.05,100000,802317
825,-139567.0,0.05,100000,803317
826,-102375.0,0.05,100000,804317
827,-4069.0,0.05,100000,805317
828,-979.0,0.05,100000,806317
829,-198786.0,0.05,100000,807317
830,-97380.0,0.05,100000,808317
831,-186189.0,0.05,100000,809317
832,1796.0,0.05,100000,809651
833,-76768.0,0.05,100000,810651
834,-30574.0,0.05,100000,811651
835,-53377.0,0.05,100000,812651
836,-77770.0,0.05,100000,813651
837,-187990.0,0.05,100000,814651
838,-96972.0,0.05,100000,815651
839,1527.0,0.05,100000,816249
840,-24574.0,0.05,100000,817249
841,-152182.0,0.05,100000,818249
842,-969.0,0.05,100000,819249
843,-35778.0,0.05,100000,820249
844,-89382.0,0.05,100000,821249
845,-984.0,0.05,100000,822249
846,-35583.0,0.05,100000,823249
847,-72973.0,0.05,100000,824249
848,-50575.0,0.05,100000,825249
849,-11668.0,0.05,100000,826249
850,-158372.0,0.05,100000,827249
851,-3477.0,0.05,100000,828249
852,-149572.0,0.05,100000,829249
853,-9575.0,0.05,100000,830249
854,-98777.0,0.05,100000,831249
855,-65976.0,0.05,100000,832249
856,-186386.0,0.05,100000,833249
857,-2970.0,0.05,100000,834249
858,-54167.0,0.05,100000,835249
859,-68769.0,0.05,100000,836249
860,-19784.0,0.05,100000,837249
861,-56984.0,0.05,100000,838249
862,-39372.0,0.05,100000,839249
863,-57174.0,0.05,100000,840249
864,-177379.0,0.05,100000,841249
865,-33975.0,0.05,100000,842249
866,-88590.0,0.05,100000,843249
867,-70675.0,0.05,100000,844249
868,-45386.0,0.05,100000,845249
869,-76583.0,0.05,100000,846249
870,-82977.0,0.05,100000,847249
871,-13167.0,0.05,100000,848249
872,-1000.0,0.05,100000,849249
873,-22167.0,0.05,100000,850249
874,-15371.0,0.05,100000,851249
875,-130170.0,0.05,100000,852249
876,-81967.0,0.05,100000,853249
877,-20973.0,0.05,100000,854249
878,-74384.0,0.05,100000,855249
879,-1000.0,0.05,100000,856249
880,-984.0,0.05,100000,857249
881,-192572.0,0.05,100000,858249
882,-101188.0,0.05,100000,859249
883,-81174.0,0.05,100000,860249
884,-29167.0,0.05,100000,861249
885,-967.0,0.05,100000,862249
886,-158176.0,0.05,100000,863249
887,-1000.0,0.05,100000,864249
888,-94769.0,0.05,100000,865249
889,-62970.0,0.05,100000,866249
890,-1372.0,0.05,100000,867249
891,-984.0,0.05,100000,868249
892,-23394.0,0.05,100000,869249
893,-78378.0,0.05,100000,870249
894,-103170.0,0.05,100000,871249
895,-976.0,0.05,100000,872249
896,-992.0,0.05,100000,873249
897,-109576.0,0.05,100000,874249
898,-111084.0,0.05,100000,875249
899,-890.0,0.05,100000,876249
900,-74369.0,0.05,100000,877249
901,-74892.0,0.05,100000,878072
902,-978.0,0.05,100000,879072
903,-54017.0,0.05,100000,879802
904,-80370.0,0.05,100000,880802
905,-1768.0,0.05,100000,881802
906,-972.0,0.05,100000,882802
907,-23975.0,0.05,100000,883802
908,-10774.0,0.05,100000,884802
909,-130570.0,0.05,100000,885802
910,-1984.0,0.05,100000,886802
911,-100779.0,0.05,100000,887802
912,-90967.0,0.05,100000,888802
913,-98778.0,0.05,100000,889802
914,-970.0,0.05,100000,890802
915,-23373.0,0.05,100000,891802
916,-981.0,0.05,100000,892802
917,-70176.0,0.05,100000,893802
918,-869.0,0.05,100000,894802
919,-45176.0,0.05,100000,895802
920,-27573.0,0.05,100000,896802
921,1235.0,0.05,100000,897691
922,-26576.0,0.05,100000,898691
923,-984.0,0.05,100000,899691
924,-16292.0,0.05,100000,900691
925,-101984.0,0.05,100000,901691
926,-983.0,0.05,100000,902691
927,-974.0,0.05,100000,903691
928,-106577.0,0.05,100000,904691
929,-105677.0,0.05,100000,905691
930,-13069.0,0.05,100000,906691
931,-984.0,0.05,100000,907691
932,-95169.0,0.05,100000,908691
933,-184176.0,0.05,100000,909691
934,-975.0,0.05,100000,910691
935,-129785.0,0.05,100000,911691
936,-49972.0,0.05,100000,912691
937,-17967.0,0.05,100000,913691
938,-61169.0,0.05,100000,914691
939,1612.0,0.05,100000,915195
940,-990.0,0.05,100000,916195
941,-2873.0,0.05,100000,917195
942,-974.0,0.05,100000,918195
943,-85980.0,0.05,100000,919195
944,-73167.0,0.05,100000,920195
945,-114967.0,0.05,100000,921195
946,-868.0,0.05,100000,922195
947,-1588.0,0.05,100000,923195
948,-13000.0,0.05,100000,924195
949,-9567.0,0.05,100000,925195
950,-144187.0,0.05,100000,926195
951,-142779.0,0.05,100000,927195
952,-48979.0,0.05,100000,928195
953,-47974.0,0.05,100000,929195
954,-142967.0,0.05,100000,930195
955,-145574.0,0.05,100000,931195
956,-69572.0,0.05,100000,932195
957,-90367.0,0.05,100000,933195
958,-88784.0,0.05,100000,934195
959,-181371.0,0.05,100000,935195
960,-122583.0,0.05,100000,936195
961,-870.0,0.05,100000,937195
962,-12124.0,0.05,100000,937843
963,-974.0,0.05,100000,938843
964,-990.0,0.05,100000,939843
965,-45635.0,0.05,100000,940805
966,-166771.0,0.05,100000,941805
967,-134375.0,0.05,100000,942805
968,1760.0,0.05,100000,943174
969,-13470.0,0.05,100000,944174
970,-91872.0,0.05,100000,945174
971,-142574.0,0.05,100000,946174
972,-133574.0,0.05,100000,947174
973,-136383.0,0.05,100000,948174
974,-991.0,0.05,100000,949174
975,-160085.0,0.05,100000,950174
976,-52369.0,0.05,100000,951174
977,-111979.0,0.05,100000,952174
978,-46868.0,0.05,100000,953174
979,-145976.0,0.05,100000,954174
980,-189173.0,0.05,100000,955174
981,-107188.0,0.05,100000,956174
982,-94972.0,0.05,100000,957174
983,1892.0,0.05,100000,957414
984,-143785.0,0.05,100000,958414
985,-174576.0,0.05,100000,959414
986,-107387.0,0.05,100000,960414
987,-117969.0,0.05,100000,961414
988,-167986.0,0.05,100000,962414
989,-140372.0,0.05,100000,963414
990,-88367.0,0.05,100000,964414
991,-162268.0,0.05,100000,965414
992,1649.0,0.05,100000,965893
993,1875.0,0.05,100000,966149
994,-138983.0,0.05,100000,967149
995,-65000.0,0.05,100000,968149
996,-117877.0,0.05,100000,969149
997,-168771.0,0.05,100000,970149
998,-18367.0,0.05,100000,971149
999,-73185.0,0.05,100000,972149
1000,-128369.0,0.05,100000,973149
1001,-111983.0,0.05,100000,974149
1002,-151184.0,0.05,100000,975149
1003,963.0,0.05,100000,975916
1004,-173975.0,0.05,100000,976916
1005,-58171.0,0.05,100000,977916
1006,-166173.0,0.05,100000,978916
1007,-2381.0,0.05,100000,979829
1008,-127569.0,0.05,100000,980829
1009,-162172.0,0.05,100000,981829
1010,-46681.0,0.05,100000,982829
1011,-185977.0,0.05,100000,983829
1012,-175395.0,0.05,100000,984829
1013,-110169.0,0.05,100000,985829
1014,-178782.0,0.05,100000,986829
1015,-155171.0,0.05,100000,987829
1016,-128576.0,0.05,100000,988829
1017,-602.0,0.05,100000,989360
1018,-147570.0,0.05,100000,990360
1019,-19709.0,0.05,100000,990800
1020,-155190.0,0.05,100000,991800
1021,-113368.0,0.05,100000,992800
1022,-147172.0,0.05,100000,993800
1023,-90071.0,0.05,100000,994800
1024,-180776.0,0.05,100000,995800
1025,-122167.0,0.05,100000,996800
1026,-163983.0,0.05,100000,997800
1027,-135083.0,0.05,100000,998800
1028,-64370.0,0.05,100000,999800
1029,-115668.0,0.05,100000,1000800
1030,226.0,0.05,100000,1001300
1031,-73967.0,0.05,100000,1002300
1032,-123172.0,0.05,100000,1003300
1033,-145367.0,0.05,100000,1004300
1034,-120178.0,0.05,100000,1005300
1035,-61173.0,0.05,100000,1006300
1036,-190783.0,0.05,100000,1007300
1037,-176984.0,0.05,100000,1008300
1038,-64370.0,0.05,100000,1009300
1039,-136576.0,0.05,100000,1010300
1040,-61978.0,0.05,100000,1011300
1041,-4982.0,0.05,100000,1012300
1042,-120969.0,0.05,100000,1013300
1043,-133972.0,0.05,100000,1014300
1044,-68970.0,0.05,100000,1015300
1045,-96571.0,0.05,100000,1016300
1046,-139976.0,0.05,100000,1017300
1047,-51584.0,0.05,100000,1018300
1048,-150574.0,0.05,100000,1019300
1049,-189176.0,0.05,100000,1020300
1050,-37870.0,0.05,100000,1021300
1051,-179171.0,0.05,100000,1022300
1052,-65584.0,0.05,100000,1023300
1053,-189377.0,0.05,100000,1024300
1054,-869.0,0.05,100000,1025300
1055,-196574.0,0.05,100000,1026300
1056,-109780.0,0.05,100000,1027300
1057,-39170.0,0.05,100000,1028300
1058,-21169.0,0.05,100000,1029300
1059,-974.0,0.05,100000,1030300
1060,-94378.0,0.05,100000,1031300
1061,-43196.0,0.05,100000,1032300
1062,-134572.0,0.05,100000,1033300
1063,-21574.0,0.05,100000,1034300
1064,-117680.0,0.05,100000,1035300
1065,-127176.0,0.05,100000,1036300
1066,-132972.0,0.05,100000,1037300
1067,-46768.0,0.05,100000,1038300
1068,-21789.0,0.05,100000,1039300
1069,-156586.0,0.05,100000,1040300
1070,-40572.0,0.05,100000,1041300
1071,-120786.0,0.05,100000,1042300
1072,397.0,0.05,100000,1042822
1073,-117386.0,0.05,100000,1043822
1074,-43303.0,0.05,100000,1044456
1075,-47783.0,0.05,100000,1045456
1076,-136974.0,0.05,100000,1046456
1077,-126172.0,0.05,100000,1047456
1078,-9370.0,0.05,100000,1048456
1079,-11368.0,0.05,100000,1049456
1080,-172784.0,0.05,100000,1050456
1081,-14574.0,0.05,100000,1051456
1082,-21386.0,0.05,100000,1052456
1083,-3184.0,0.05,100000,1053456
1084,-13688.0,0.05,100000,1054456
1085,-123886.0,0.05,100000,1055456
1086,-118175.0,0.05,100000,1056456
1087,-42171.0,0.05,100000,1057456
1088,-47979.0,0.05,100000,1058456
1089,-986.0,0.05,100000,1059456
1090,-991.0,0.05,100000,1060456
1091,-974.0,0.05,100000,1061456
1092,-975.0,0.05,100000,1062456
1093,-163784.0,0.05,100000,1063456
1094,-95567.0,0.05,100000,1064456
1095,-43574.0,0.05,100000,1065456
1096,-71372.0,0.05,100000,1066456
1097,-45371.0,0.05,100000,1067456
1098,-137973.0,0.05,100000,1068456
1099,-83174.0,0.05,100000,1069456
1100,-132976.0,0.05,100000,1070456
1101,-164488.0,0.05,100000,1071456
1102,-82772.0,0.05,100000,1072456
1103,1399.0,0.05,100000,1073173
1104,-153372.0,0.05,100000,1074173
1105,-132384.0,0.05,100000,1075173
1106,-127767.0,0.05,100000,1076173
1107,-103979.0,0.05,100000,1077173
1108,-130787.0,0.05,100000,1078173
1109,-88984.0,0.05,100000,1079173
1110,-35772.0,0.05,100000,1080173
1111,-117370.0,0.05,100000,1081173
1112,-76575.0,0.05,100000,1082173
1113,-91773.0,0.05,100000,1083173
1114,-21793.0,0.05,100000,1084173
1115,-134796.0,0.05,100000,1085173
1116,-57784.0,0.05,100000,1086173
1117,-81375.0,0.05,100000,1087173
1118,-72186.0,0.05,100000,1088173
1119,-189998.0,0.05,100000,1089173
1120,-61767.0,0.05,100000,1090173
1121,-37371.0,0.05,100000,1091173
1122,-61575.0,0.05,100000,1092173
1123,-93777.0,0.05,100000,1093173
1124,-29567.0,0.05,100000,1094173
1125,-104584.0,0.05,100000,1095173
1126,-81792.0,0.05,100000,1096173
1127,-13576.0,0.05,100000,1097173
1128,-27403.0,0.05,100000,1097706
1129,1549.0,0.05,100000,1098284
1130,-29784.0,0.05,100000,1099284
1131,-97171.0,0.05,100000,1100284
1132,-38176.0,0.05,100000,1101284
1133,-102784.0,0.05,100000,1102284
1134,-32468.0,0.05,100000,1103284
1135,-110370.0,0.05,100000,1104284
1136,-130586.0,0.05,100000,1105284
1137,-140198.0,0.05,100000,1106284
1138,-131985.0,0.05,100000,1107284
1139,-21976.0,0.05,100000,1108284
1140,-19598.0,0.05,100000,1109007
1141,-57774.0,0.05,100000,1110007
1142,-62175.0,0.05,100000,1111007
1143,-100792.0,0.05,100000,1112007
1144,-122976.0,0.05,100000,1113007
1145,-98984.0,0.05,100000,1114007
1146,-104393.0,0.05,100000,1115007
1147,-118394.0,0.05,100000,1116007
1148,-139988.0,0.05,100000,1117007
1149,-97784.0,0.05,100000,1118007
1150,-70372.0,0.05,100000,1119007
1151,-135784.0,0.05,100000,1120007
1152,-108570.0,0.05,100000,1121007
1153,-156586.0,0.05,100000,1122007
1154,-176584.0,0.05,100000,1123007
1155,-111386.0,0.05,100000,1124007
1156,-97994.0,0.05,100000,1125007
1157,-170387.0,0.05,100000,1126007
1158,-85386.0,0.05,100000,1127007
1159,-154584.0,0.05,100000,1128007
1160,-131789.0,0.05,100000,1129007
1161,-127774.0,0.05,100000,1130007
1162,-138787.0,0.05,100000,1131007
1163,-95972.0,0.05,100000,1132007
1164,-84670.0,0.05,100000,1132808
1165,-132384.0,0.05,100000,1133808
1166,2018.0,0.05,100000,1133903
1167,-177785.0,0.05,100000,1134903
1168,-132584.0,0.05,100000,1135903
1169,-140790.0,0.05,100000,1136903
1170,-76670.0,0.05,100000,1137903
1171,-146383.0,0.05,100000,1138903
1172,-106993.0,0.05,100000,1139903
1173,-166384.0,0.05,100000,1140903
1174,-144986.0,0.05,100000,1141903
1175,-99169.0,0.05,100000,1142903
1176,-138573.0,0.05,100000,1143903
1177,-140386.0,0.05,100000,1144903
1178,-101546.0,0.05,100000,1145779
1179,-139997.0,0.05,100000,1146779
1180,-158176.0,0.05,100000,1147779
1181,-97367.0,0.05,100000,1148779
1182,-109572.0,0.05,100000,1149779
1183,-85389.0,0.05,100000,1150779
1184,-132173.0,0.05,100000,1151779
1185,-128967.0,0.05,100000,1152779
1186,-138170.0,0.05,100000,1153779
1187,-114381.0,0.05,100000,1154779
1188,-122868.0,0.05,100000,1155779
1189,-96392.0,0.05,100000,1156779
1190,-123384.0,0.05,100000,1157779
1191,-123168.0,0.05,100000,1158779
1192,-96379.0,0.05,100000,1159779
1193,-163582.0,0.05,100000,1160779
1194,-146772.0,0.05,100000,1161779
1195,-159367.0,0.05,100000,1162779
1196,-193974.0,0.05,100000,1163779
1197,-71975.0,0.05,100000,1164779
1198,-137967.0,0.05,100000,1165779
1199,-82367.0,0.05,100000,1166779
1200,-20455.0,0.05,100000,1167366
1201,-39374.0,0.05,100000,1168366
1202,-121767.0,0.05,100000,1169366
1203,-163581.0,0.05,100000,1170366
1204,-147470.0,0.05,100000,1171366
1205,-125169.0,0.05,100000,1172366
1206,-144969.0,0.05,100000,1173366
1207,-74187.0,0.05,100000,1174366
1208,-164367.0,0.05,100000,1175366
1209,-99570.0,0.05,100000,1176366
1210,-43647.0,0.05,100000,1176736
1211,-31021.0,0.05,100000,1177088
1212,-96171.0,0.05,100000,1178088
1213,-176972.0,0.05,100000,1179088
1214,-174774.0,0.05,100000,1180088
1215,-136383.0,0.05,100000,1181088
1216,-123579.0,0.05,100000,1182088
1217,-151367.0,0.05,100000,1183088
1218,-90787.0,0.05,100000,1184088
1219,-100088.0,0.05,100000,1185088
1220,-156773.0,0.05,100000,1186088
1221,-115567.0,0.05,100000,1187088
1222,-140987.0,0.05,100000,1188088
1223,-120969.0,0.05,100000,1189088
1224,-43621.0,0.05,100000,1189841
1225,-115572.0,0.05,100000,1190841
1226,-120370.0,0.05,100000,1191841
1227,-124567.0,0.05,100000,1192841
1228,-121372.0,0.05,100000,1193841
1229,-85776.0,0.05,100000,1194841
1230,-86767.0,0.05,100000,1195841
1231,-108569.0,0.05,100000,1196841
1232,-129269.0,0.05,100000,1197841
1233,-114888.0,0.05,100000,1198841
1234,-120575.0,0.05,100000,1199841
1235,-157367.0,0.05,100000,1200841
1236,2035.0,0.05,100000,1200924
1237,-109571.0,0.05,100000,1201924
1238,-59594.0,0.05,100000,1202650
1239,-159773.0,0.05,100000,1203650
1240,-100170.0,0.05,100000,1204650
1241,-157171.0,0.05,100000,1205650
1242,2053.0,0.05,100000,1205705
1243,-117984.0,0.05,100000,1206705
1244,-131871.0,0.05,100000,1207705
1245,-78170.0,0.05,100000,1208705
1246,-30584.0,0.05,100000,1209705
1247,-135369.0,0.05,100000,1210705
1248,-95779.0,0.05,100000,1211705
1249,-81672.0,0.05,100000,1212705
1250,-75170.0,0.05,100000,1213705
1251,-126167.0,0.05,100000,1214705
1252,-82463.0,0.05,100000,1215300
1253,-91767.0,0.05,100000,1216300
1254,-133171.0,0.05,100000,1217300
1255,-112568.0,0.05,100000,1218300
1256,-150575.0,0.05,100000,1219300
1257,-94877.0,0.05,100000,1220300
1258,-126372.0,0.05,100000,1221300
1259,-95468.0,0.05,100000,1222300
1260,-149079.0,0.05,100000,1223300
1261,-77185.0,0.05,100000,1224300
1262,-116981.0,0.05,100000,1225300
1263,-9385.0,0.05,100000,1226300
1264,-113369.0,0.05,100000,1227300
1265,-73967.0,0.05,100000,1228300
1266,-45970.0,0.05,100000,1229300
1267,-21880.0,0.05,100000,1229906
1268,-1000.0,0.05,100000,1230906
1269,1867.0,0.05,100000,1231169
1270,-168967.0,0.05,100000,1232169
1271,-130779.0,0.05,100000,1233169
1272,-8767.0,0.05,100000,1234169
1273,-73575.0,0.05,100000,1235169
1274,-67256.0,0.05,100000,1235755
1275,-1781.0,0.05,100000,1236755
1276,-116985.0,0.05,100000,1237755
1277,-22284.0,0.05,100000,1238755
1278,-57172.0,0.05,100000,1239755
1279,-65367.0,0.05,100000,1240755
1280,-984.0,0.05,100000,1241755
1281,-35291.0,0.05,100000,1242755
1282,-986.0,0.05,100000,1243755
1283,-112986.0,0.05,100000,1244755
1284,-8353.0,0.05,100000,1245239
1285,-97671.0,0.05,100000,1246239
1286,-20174.0,0.05,100000,1247239
1287,-96193.0,0.05,100000,1248239
1288,-973.0,0.05,100000,1249239
1289,-7000.0,0.05,100000,1250239
1290,-992.0,0.05,100000,1251239
1291,-21773.0,0.05,100000,1252239
1292,-67571.0,0.05,100000,1253239
1293,-127575.0,0.05,100000,1254239
1294,-10179.0,0.05,100000,1255239
1295,-51967.0,0.05,100000,1256239
1296,-870.0,0.05,100000,1257239
1297,-46984.0,0.05,100000,1258239
1298,-15783.0,0.05,100000,1259239
1299,-101780.0,0.05,100000,1260239
1300,-53572.0,0.05,100000,1261239
1301,-22567.0,0.05,100000,1262239
1302,-974.0,0.05,100000,1263239
1303,-88168.0,0.05,100000,1264239
1304,-32578.0,0.05,100000,1265239
1305,-868.0,0.05,100000,1266239
1306,-1000.0,0.05,100000,1267239
1307,-1000.0,0.05,100000,1268239
1308,-972.0,0.05,100000,1269239
1309,1841.0,0.05,100000,1269529
1310,-52777.0,0.05,100000,1270529
1311,-868.0,0.05,100000,1271529
1312,-21587.0,0.05,100000,1272529
1313,-977.0,0.05,100000,1273529
1314,-973.0,0.05,100000,1274529
1315,-990.0,0.05,100000,1275529
1316,-108585.0,0.05,100000,1276529
1317,-12673.0,0.05,100000,1277529
1318,-9368.0,0.05,100000,1278529
1319,-66967.0,0.05,100000,1279529
1320,-974.0,0.05,100000,1280529
1321,-870.0,0.05,100000,1281529
1322,-1778.0,0.05,100000,1282529
1323,-46967.0,0.05,100000,1283529
1324,-1000.0,0.05,100000,1284529
1325,-868.0,0.05,100000,1285529
1326,-110785.0,0.05,100000,1286529
1327,-972.0,0.05,100000,1287529
1328,-67584.0,0.05,100000,1288529
1329,-974.0,0.05,100000,1289529
1330,-976.0,0.05,100000,1290529
1331,-113376.0,0.05,100000,1291529
1332,-990.0,0.05,100000,1292529
1333,-116774.0,0.05,100000,1293529
1334,-114387.0,0.05,100000,1294529
1335,-972.0,0.05,100000,1295529
1336,-28372.0,0.05,100000,1296529
1337,-139370.0,0.05,100000,1297529
1338,-87381.0,0.05,100000,1298529
1339,-972.0,0.05,100000,1299529
1340,-9172.0,0.05,100000,1300529
1341,-1000.0,0.05,100000,1301529
1342,-971.0,0.05,100000,1302529
1343,-39774.0,0.05,100000,1303529
1344,-138472.0,0.05,100000,1304529
1345,-3468.0,0.05,100000,1305529
1346,-891.0,0.05,100000,1306529
1347,-988.0,0.05,100000,1307529
1348,-3168.0,0.05,100000,1308529
1349,-56371.0,0.05,100000,1309529
1350,-83968.0,0.05,100000,1310529
1351,-972.0,0.05,100000,1311529
1352,-65373.0,0.05,100000,1312529
1353,-22368.0,0.05,100000,1313529
1354,-30968.0,0.05,100000,1314529
1355,-10172.0,0.05,100000,1315529
1356,-144374.0,0.05,100000,1316529
1357,-83879.0,0.05,100000,1317529
1358,-975.0,0.05,100000,1318529
1359,-984.0,0.05,100000,1319529
1360,-981.0,0.05,100000,1320529
1361,-46988.0,0.05,100000,1321529
1362,-93272.0,0.05,100000,1322529
1363,-994.0,0.05,100000,1323529
1364,-28169.0,0.05,100000,1324529
1365,-173395.0,0.05,100000,1325529
1366,-89378.0,0.05,100000,1326529
1367,-34578.0,0.05,100000,1327529
1368,-73572.0,0.05,100000,1328529
1369,-62992.0,0.05,100000,1329529
1370,-12771.0,0.05,100000,1330529
1371,-992.0,0.05,100000,1331529
1372,-97176.0,0.05,100000,1332529
1373,-27167.0,0.05,100000,1333529
1374,-41370.0,0.05,100000,1334529
1375,-21576.0,0.05,100000,1335529
1376,-116984.0,0.05,100000,1336529
1377,-75570.0,0.05,100000,1337529
1378,-69569.0,0.05,100000,1338529
1379,-33573.0,0.05,100000,1339529
1380,-34768.0,0.05,100000,1340529
1381,-167567.0,0.05,100000,1341529
1382,-44786.0,0.05,100000,1342529
1383,-72567.0,0.05,100000,1343529
1384,-52568.0,0.05,100000,1344529
1385,-31374.0,0.05,100000,1345529
1386,-25877.0,0.05,100000,1346529
1387,-822.0,0.05,100000,1346879
1388,-128168.0,0.05,100000,1347879
1389,-65184.0,0.05,100000,1348879
1390,-66780.0,0.05,100000,1349879
1391,-974.0,0.05,100000,1350879
1392,-108167.0,0.05,100000,1351879
1393,-872.0,0.05,100000,1352879
1394,-37186.0,0.05,100000,1353879
1395,-20172.0,0.05,100000,1354879
1396,-63979.0,0.05,100000,1355879
1397,-101167.0,0.05,100000,1356879
1398,-103373.0,0.05,100000,1357879
1399,-884.0,0.05,100000,1358879
1400,-8373.0,0.05,100000,1359879
1401,-82369.0,0.05,100000,1360879
1402,-56569.0,0.05,100000,1361879
1403,-14569.0,0.05,100000,1362879
1404,-19584.0,0.05,100000,1363879
1405,-171371.0,0.05,100000,1364879
1406,-11268.0,0.05,100000,1365879
1407,-36967.0,0.05,100000,1366879
1408,-3568.0,0.05,100000,1367879
1409,-143567.0,0.05,100000,1368879
1410,-967.0,0.05,100000,1369879
1411,-72569.0,0.05,100000,1370879
1412,-8767.0,0.05,100000,1371879
1413,-3371.0,0.05,100000,1372879
1414,-64970.0,0.05,100000,1373879
1415,-27171.0,0.05,100000,1374879
1416,-2771.0,0.05,100000,1375879
1417,-40074.0,0.05,100000,1376879
1418,-18771.0,0.05,100000,1377879
1419,-139990.0,0.05,100000,1378879
1420,-76367.0,0.05,100000,1379879
1421,-53771.0,0.05,100000,1380879
1422,-62574.0,0.05,100000,1381879
1423,1781.0,0.05,100000,1382226
1424,-55767.0,0.05,100000,1383226
1425,-4169.0,0.05,100000,1384226
1426,-14168.0,0.05,100000,1385226
1427,-38775.0,0.05,100000,1386226
1428,-43582.0,0.05,100000,1387226
1429,-116773.0,0.05,100000,1388226
1430,-13569.0,0.05,100000,1389226
1431,-870.0,0.05,100000,1390226
1432,-975.0,0.05,100000,1391226
1433,1779.0,0.05,100000,1391574
1434,-29972.0,0.05,100000,1392574
1435,-36882.0,0.05,100000,1393574
1436,-17178.0,0.05,100000,1394574
1437,-8868.0,0.05,100000,1395574
1438,-90773.0,0.05,100000,1396574
1439,-101374.0,0.05,100000,1397574
1440,-7381.0,0.05,100000,1398574
1441,-14772.0,0.05,100000,1399574
1442,-986.0,0.05,100000,1400574
1443,-15372.0,0.05,100000,1401574
1444,-974.0,0.05,100000,1402574
1445,-53367.0,0.05,100000,1403574
1446,-34567.0,0.05,100000,1404574
1447,-125973.0,0.05,100000,1405574
1448,-978.0,0.05,100000,1406574
1449,-990.0,0.05,100000,1407574
1450,-73578.0,0.05,100000,1408574
1451,-1000.0,0.05,100000,1409574
1452,-87584.0,0.05,100000,1410574
1453,-981.0,0.05,100000,1411574
1454,-1772.0,0.05,100000,1412574
1455,-88989.0,0.05,100000,1413574
1456,-91183.0,0.05,100000,1414574
1457,-82771.0,0.05,100000,1415574
1458,-29371.0,0.05,100000,1416574
1459,-129184.0,0.05,100000,1417574
1460,1719.0,0.05,100000,1417987
1461,-5167.0,0.05,100000,1418987
1462,-84984.0,0.05,100000,1419987
1463,-972.0,0.05,100000,1420987
1464,-975.0,0.05,100000,1421987
1465,1301.0,0.05,100000,1422817
1466,-975.0,0.05,100000,1423817
1467,-34179.0,0.05,100000,1424817
1468,-8372.0,0.05,100000,1425817
1469,-157387.0,0.05,100000,1426817
1470,-984.0,0.05,100000,1427817
1471,-982.0,0.05,100000,1428817
1472,-26778.0,0.05,100000,1429817
1473,-123384.0,0.05,100000,1430817
1474,-57571.0,0.05,100000,1431817
1475,-17777.0,0.05,100000,1432817
1476,-967.0,0.05,100000,1433817
1477,-868.0,0.05,100000,1434817
1478,-972.0,0.05,100000,1435817
1479,-143172.0,0.05,100000,1436817
1480,-98569.0,0.05,100000,1437817
1481,-11686.0,0.05,100000,1438413
1482,-124367.0,0.05,100000,1439413
1483,-3372.0,0.05,100000,1440413
1484,-57171.0,0.05,100000,1441413
1485,-171179.0,0.05,100000,1442413
1486,-20169.0,0.05,100000,1443413
1487,-90979.0,0.05,100000,1444413
1488,-82567.0,0.05,100000,1445413
1489,-61167.0,0.05,100000,1446413
1490,-976.0,0.05,100000,1447413
1491,-6370.0,0.05,100000,1448413
1492,-4271.0,0.05,100000,1449413
1493,-124985.0,0.05,100000,1450413
1494,-153769.0,0.05,100000,1451413
1495,-25379.0,0.05,100000,1452413
1496,-149970.0,0.05,100000,1453413
1497,-39771.0,0.05,100000,1454413
1498,-8169.0,0.05,100000,1455413
1499,-155668.0,0.05,100000,1456413
1500,-973.0,0.05,100000,1457413
1501,-16569.0,0.05,100000,1458413
1502,-1000.0,0.05,100000,1459413
1503,-12567.0,0.05,100000,1460413
1504,-22767.0,0.05,100000,1461413
1505,-155583.0,0.05,100000,1462413
1506,-972.0,0.05,100000,1463413
1507,-20976.0,0.05,100000,1464413
1508,-969.0,0.05,100000,1465413
1509,-35151.0,0.05,100000,1466282
1510,-22974.0,0.05,100000,1467282
1511,-42688.0,0.05,100000,1468282
1512,1813.0,0.05,100000,1468597
1513,-6470.0,0.05,100000,1469597
1514,-37372.0,0.05,100000,1470597
1515,-121367.0,0.05,100000,1471597
1516,-1000.0,0.05,100000,1472597
1517,-2972.0,0.05,100000,1473597
1518,-135168.0,0.05,100000,1474597
1519,-74186.0,0.05,100000,1475597
1520,-40371.0,0.05,100000,1476597
1521,-49369.0,0.05,100000,1477597
1522,-67767.0,0.05,100000,1478597
1523,-109577.0,0.05,100000,1479597
1524,-51370.0,0.05,100000,1480597
1525,-84470.0,0.05,100000,1481597
1526,-972.0,0.05,100000,1482597
1527,-62167.0,0.05,100000,1483597
1528,-870.0,0.05,100000,1484597
1529,-105777.0,0.05,100000,1485597
1530,-130588.0,0.05,100000,1486597
1531,-33800.0,0.05,100000,1487597
1532,-1000.0,0.05,100000,1488597
1533,-8400.0,0.05,100000,1489597
1534,-967.0,0.05,100000,1490597
1535,-72567.0,0.05,100000,1491597
1536,-28172.0,0.05,100000,1492597
1537,-975.0,0.05,100000,1493597
1538,-78771.0,0.05,100000,1494597
1539,-2974.0,0.05,100000,1495597
1540,-146186.0,0.05,100000,1496597
1541,-22581.0,0.05,100000,1497597
1542,-967.0,0.05,100000,1498597
1543,-138784.0,0.05,100000,1499597
1544,-971.0,0.05,100000,1500597
1545,-45180.0,0.05,100000,1501597
1546,-54967.0,0.05,100000,1502597
1547,-116785.0,0.05,100000,1503597
1548,-144770.0,0.05,100000,1504597
1549,-105385.0,0.05,100000,1505597
1550,-4569.0,0.05,100000,1506597
1551,-1000.0,0.05,100000,1507597
1552,-1000.0,0.05,100000,1508597
1553,-37972.0,0.05,100000,1509597
1554,-34773.0,0.05,100000,1510597
1555,-123770.0,0.05,100000,1511597
1556,-984.0,0.05,100000,1512597
1557,-154784.0,0.05,100000,1513597
1558,-74769.0,0.05,100000,1514597
1559,-164788.0,0.05,100000,1515597
1560,-92976.0,0.05,100000,1516597
1561,-97975.0,0.05,100000,1517597
1562,-101569.0,0.05,100000,1518597
1563,-984.0,0.05,100000,1519597
1564,-41586.0,0.05,100000,1520597
1565,-111373.0,0.05,100000,1521597
1566,-967.0,0.05,100000,1522597
1567,-75167.0,0.05,100000,1523597
1568,-103468.0,0.05,100000,1524597
1569,-25968.0,0.05,100000,1525597
1570,-9370.0,0.05,100000,1526597
1571,-96767.0,0.05,100000,1527597
1572,-128784.0,0.05,100000,1528597
1573,-193194.0,0.05,100000,1529597
1574,-33381.0,0.05,100000,1530597
1575,-985.0,0.05,100000,1531597
1576,-986.0,0.05,100000,1532597
1577,-56776.0,0.05,100000,1533597
1578,-71570.0,0.05,100000,1534597
1579,-131184.0,0.05,100000,1535597
1580,-158578.0,0.05,100000,1536597
1581,-979.0,0.05,100000,1537597
1582,-113567.0,0.05,100000,1538597
1583,-142783.0,0.05,100000,1539597
1584,-120369.0,0.05,100000,1540597
1585,-73987.0,0.05,100000,1541597
1586,-158781.0,0.05,100000,1542597
1587,-1000.0,0.05,100000,1543597
1588,1210.0,0.05,100000,1544518
1589,-62469.0,0.05,100000,1545518
1590,-138383.0,0.05,100000,1546518
1591,1598.0,0.05,100000,1547048
1592,-141471.0,0.05,100000,1548048
1593,-25384.0,0.05,100000,1549048
1594,-16183.0,0.05,100000,1550048
1595,-974.0,0.05,100000,1551048
1596,-46474.0,0.05,100000,1552048
1597,-141374.0,0.05,100000,1553048
1598,-46983.0,0.05,100000,1554048
1599,-986.0,0.05,100000,1555048
1600,-13789.0,0.05,100000,1556048
1601,-31174.0,0.05,100000,1557048
1602,-14787.0,0.05,100000,1558048
1603,-58268.0,0.05,100000,1559048
1604,-139384.0,0.05,100000,1560048
1605,-884.0,0.05,100000,1561048
1606,-73185.0,0.05,100000,1562048
1607,-158778.0,0.05,100000,1563048
1608,-25385.0,0.05,100000,1564048
1609,2022.0,0.05,100000,1564151
1610,-53971.0,0.05,100000,1565151
1611,-984.0,0.05,100000,1566151
1612,-188177.0,0.05,100000,1567151
1613,-37788.0,0.05,100000,1568151
1614,1154.0,0.05,100000,1569109
1615,-71985.0,0.05,100000,1570109
1616,-28180.0,0.05,100000,1571109
1617,-100870.0,0.05,100000,1572109
1618,-68785.0,0.05,100000,1573109
1619,-983.0,0.05,100000,1574109
1620,-27972.0,0.05,100000,1575109
1621,-12187.0,0.05,100000,1576109
1622,-146996.0,0.05,100000,1577109
1623,-986.0,0.05,100000,1578109
1624,-1572.0,0.05,100000,1579109
1625,-872.0,0.05,100000,1580109
1626,-135570.0,0.05,100000,1581109
1627,-66980.0,0.05,100000,1582109
1628,-31174.0,0.05,100000,1583109
1629,-1000.0,0.05,100000,1584109
1630,-3371.0,0.05,100000,1585109
1631,-41074.0,0.05,100000,1585912
1632,-22372.0,0.05,100000,1586912
1633,-975.0,0.05,100000,1587912
1634,-984.0,0.05,100000,1588912
1635,-979.0,0.05,100000,1589912
1636,-183186.0,0.05,100000,1590912
1637,-133374.0,0.05,100000,1591912
1638,-125779.0,0.05,100000,1592912
1639,-76783.0,0.05,100000,1593912
1640,-65794.0,0.05,100000,1594912
1641,-149784.0,0.05,100000,1595912
1642,-984.0,0.05,100000,1596912
1643,-27967.0,0.05,100000,1597912
1644,-79372.0,0.05,100000,1598912
1645,-984.0,0.05,100000,1599912
1646,-112576.0,0.05,100000,1600912
1647,-57173.0,0.05,100000,1601912
1648,-76976.0,0.05,100000,1602912
1649,-1772.0,0.05,100000,1603912
1650,-993.0,0.05,100000,1604912
1651,-972.0,0.05,100000,1605912
1652,-32176.0,0.05,100000,1606912
1653,-43172.0,0.05,100000,1607912
1654,-984.0,0.05,100000,1608912
1655,-972.0,0.05,100000,1609912
1656,-987.0,0.05,100000,1610912
1657,-974.0,0.05,100000,1611912
1658,-972.0,0.05,100000,1612912
1659,-1000.0,0.05,100000,1613912
1660,-971.0,0.05,100000,1614912
1661,-970.0,0.05,100000,1615912
1662,-33779.0,0.05,100000,1616912
1663,-1200.0,0.05,100000,1617912
1664,1454.0,0.05,100000,1618586
1665,-988.0,0.05,100000,1619586
1666,-47187.0,0.05,100000,1620586
1667,-968.0,0.05,100000,1621586
1668,-870.0,0.05,100000,1622586
1669,-23579.0,0.05,100000,1623586
1670,-78378.0,0.05,100000,1624586
1671,-970.0,0.05,100000,1625586
1672,-993.0,0.05,100000,1626586
1673,-173775.0,0.05,100000,1627586
1674,-26377.0,0.05,100000,1628586
1675,1282.0,0.05,100000,1629430
1676,-1000.0,0.05,100000,1630430
1677,-986.0,0.05,100000,1631430
1678,-992.0,0.05,100000,1632430
1679,-48184.0,0.05,100000,1633430
1680,-982.0,0.05,100000,1634430
1681,-2184.0,0.05,100000,1635430
1682,-1990.0,0.05,100000,1636430
1683,-1571.0,0.05,100000,1637430
1684,-972.0,0.05,100000,1638430
1685,-1000.0,0.05,100000,1639430
1686,-990.0,0.05,100000,1640430
1687,-64172.0,0.05,100000,1641430
1688,-969.0,0.05,100000,1642430
1689,-974.0,0.05,100000,1643430
1690,-27175.0,0.05,100000,1644430
1691,-968.0,0.05,100000,1645430
1692,-973.0,0.05,100000,1646430
1693,-3772.0,0.05,100000,1647430
1694,-1570.0,0.05,100000,1648430
1695,-6974.0,0.05,100000,1649430
1696,-87173.0,0.05,100000,1650430
1697,-975.0,0.05,100000,1651430
1698,-84584.0,0.05,100000,1652430
1699,-64568.0,0.05,100000,1653430
1700,-25470.0,0.05,100000,1654430
1701,-7600.0,0.05,100000,1655430
1702,-967.0,0.05,100000,1656430
1703,-985.0,0.05,100000,1657430
1704,-100383.0,0.05,100000,1658430
1705,-990.0,0.05,100000,1659430
1706,-43174.0,0.05,100000,1660430
1707,-28785.0,0.05,100000,1661430
1708,-2970.0,0.05,100000,1662430
1709,-12974.0,0.05,100000,1663430
1710,-129171.0,0.05,100000,1664430
1711,-46367.0,0.05,100000,1665430
1712,-84969.0,0.05,100000,1666430
1713,-95767.0,0.05,100000,1667430
1714,-15172.0,0.05,100000,1668430
1715,-55567.0,0.05,100000,1669430
1716,-132584.0,0.05,100000,1670430
1717,-17368.0,0.05,100000,1671430
1718,-36169.0,0.05,100000,1672430
1719,-41784.0,0.05,100000,1673430
1720,-114367.0,0.05,100000,1674430
1721,-131375.0,0.05,100000,1675430
1722,-51168.0,0.05,100000,1676430
1723,-100367.0,0.05,100000,1677430
1724,-147592.0,0.05,100000,1678430
1725,-22068.0,0.05,100000,1679430
1726,-18971.0,0.05,100000,1680430
1727,2014.0,0.05,100000,1680546
1728,-87784.0,0.05,100000,1681546
1729,-52369.0,0.05,100000,1682546
1730,-99581.0,0.05,100000,1683546
1731,-19400.0,0.05,100000,1684546
1732,-43968.0,0.05,100000,1685546
1733,-27969.0,0.05,100000,1686546
1734,-100188.0,0.05,100000,1687546
1735,-41872.0,0.05,100000,1688546
1736,-10568.0,0.05,100000,1689546
1737,-77972.0,0.05,100000,1690546
1738,-55969.0,0.05,100000,1691546
1739,-1000.0,0.05,100000,1692546
1740,-27785.0,0.05,100000,1693546
1741,-141583.0,0.05,100000,1694546
1742,-18969.0,0.05,100000,1695546
1743,-59183.0,0.05,100000,1696546
1744,-127769.0,0.05,100000,1697546
1745,-44574.0,0.05,100000,1698546
1746,-984.0,0.05,100000,1699546
1747,-75376.0,0.05,100000,1700546
1748,1611.0,0.05,100000,1701065
1749,1968.0,0.05,100000,1701218
1750,-54568.0,0.05,100000,1702218
1751,-109173.0,0.05,100000,1703218
1752,-141068.0,0.05,100000,1704218
1753,-141567.0,0.05,100000,1705218
1754,-130375.0,0.05,100000,1706218
1755,-126767.0,0.05,100000,1707218
1756,-80270.0,0.05,100000,1708218
1757,-144174.0,0.05,100000,1709218
1758,-983.0,0.05,100000,1710218
1759,-21376.0,0.05,100000,1711218
1760,-122786.0,0.05,100000,1712218
1761,-48180.0,0.05,100000,1713218
1762,-5771.0,0.05,100000,1714218
1763,-33372.0,0.05,100000,1715218
1764,-108071.0,0.05,100000,1716218
1765,-93176.0,0.05,100000,1717218
1766,-92967.0,0.05,100000,1718218
1767,-38971.0,0.05,100000,1719218
1768,-118568.0,0.05,100000,1720218
1769,-974.0,0.05,100000,1721218
1770,-90167.0,0.05,100000,1722218
1771,-133587.0,0.05,100000,1723218
1772,-39375.0,0.05,100000,1724218
1773,-11367.0,0.05,100000,1725218
1774,-979.0,0.05,100000,1726218
1775,-26792.0,0.05,100000,1727218
1776,-85593.0,0.05,100000,1728218
1777,-99974.0,0.05,100000,1729218
1778,-971.0,0.05,100000,1730218
1779,-137978.0,0.05,100000,1731218
1780,-22469.0,0.05,100000,1732218
1781,-872.0,0.05,100000,1733218
1782,-120973.0,0.05,100000,1734218
1783,-872.0,0.05,100000,1735218
1784,-37967.0,0.05,100000,1736218
1785,-68670.0,0.05,100000,1737218
1786,-7603.0,0.05,100000,1737953
1787,-29172.0,0.05,100000,1738953
1788,-4670.0,0.05,100000,1739953
1789,-978.0,0.05,100000,1740953
1790,-968.0,0.05,100000,1741953
1791,-988.0,0.05,100000,1742953
1792,-40877.0,0.05,100000,1743953
1793,-33576.0,0.05,100000,1744953
1794,-12825.0,0.05,100000,1745910
1795,-872.0,0.05,100000,1746910
1796,-971.0,0.05,100000,1747910
1797,-15567.0,0.05,100000,1748910
1798,-137780.0,0.05,100000,1749910
1799,-109975.0,0.05,100000,1750910
1800,1848.0,0.05,100000,1751190
1801,-16572.0,0.05,100000,1752190
1802,-150784.0,0.05,100000,1753190
1803,-976.0,0.05,100000,1754190
1804,-119469.0,0.05,100000,1755190
1805,-139167.0,0.05,100000,1756190
1806,-115000.0,0.05,100000,1757190
1807,-95268.0,0.05,100000,1758190
1808,-112868.0,0.05,100000,1759190
1809,-987.0,0.05,100000,1760190
1810,-105569.0,0.05,100000,1761190
1811,-74387.0,0.05,100000,1762190
1812,-160868.0,0.05,100000,1763190
1813,-59376.0,0.05,100000,1764190
1814,-16787.0,0.05,100000,1765190
1815,-129578.0,0.05,100000,1766190
1816,-174572.0,0.05,100000,1767190
1817,-79906.0,0.05,100000,1768028
1818,2045.0,0.05,100000,1768111
1819,-149168.0,0.05,100000,1769111
1820,-184392.0,0.05,100000,1770111
1821,-172573.0,0.05,100000,1771111
1822,-90468.0,0.05,100000,1772111
1823,-70571.0,0.05,100000,1773111
1824,-27976.0,0.05,100000,1774111
1825,-124574.0,0.05,100000,1775111
1826,1915.0,0.05,100000,1775325
1827,-55568.0,0.05,100000,1776325
1828,-5913.0,0.05,100000,1776768
1829,-122574.0,0.05,100000,1777768
1830,-108984.0,0.05,100000,1778768
1831,-117176.0,0.05,100000,1779768
1832,-32994.0,0.05,100000,1780492
1833,-138987.0,0.05,100000,1781492
1834,-136577.0,0.05,100000,1782492
1835,-146975.0,0.05,100000,1783492
1836,-50967.0,0.05,100000,1784492
1837,1862.0,0.05,100000,1784756
1838,-79767.0,0.05,100000,1785756
1839,-173386.0,0.05,100000,1786756
1840,-65571.0,0.05,100000,1787756
1841,-36587.0,0.05,100000,1788756
1842,-117173.0,0.05,100000,1789756
1843,-153769.0,0.05,100000,1790756
1844,-119392.0,0.05,100000,1791756
1845,-149468.0,0.05,100000,1792756
1846,-136767.0,0.05,100000,1793756
1847,-22184.0,0.05,100000,1794756
1848,-27167.0,0.05,100000,1795756
1849,-118781.0,0.05,100000,1796756
1850,-87172.0,0.05,100000,1797756
1851,-107986.0,0.05,100000,1798756
1852,-109786.0,0.05,100000,1799756
1853,-982.0,0.05,100000,1800756
1854,-984.0,0.05,100000,1801756
1855,-870.0,0.05,100000,1802756
1856,-17581.0,0.05,100000,1803756
1857,-62972.0,0.05,100000,1804756
1858,-176171.0,0.05,100000,1805756
1859,-974.0,0.05,100000,1806756
1860,-975.0,0.05,100000,1807756
1861,-1987.0,0.05,100000,1808756
1862,-25367.0,0.05,100000,1809756
1863,-972.0,0.05,100000,1810756
1864,-12984.0,0.05,100000,1811756
1865,-984.0,0.05,100000,1812756
1866,-1000.0,0.05,100000,1813756
1867,-20974.0,0.05,100000,1814756
1868,-47184.0,0.05,100000,1815756
1869,-12200.0,0.05,100000,1816756
1870,-48984.0,0.05,100000,1817756
1871,-80769.0,0.05,100000,1818756
1872,-14988.0,0.05,100000,1819756
1873,-982.0,0.05,100000,1820756
1874,-79967.0,0.05,100000,1821756
1875,-84381.0,0.05,100000,1822756
1876,-47984.0,0.05,100000,1823756
1877,-32776.0,0.05,100000,1824756
1878,-181984.0,0.05,100000,1825756
1879,-972.0,0.05,100000,1826756
1880,-1970.0,0.05,100000,1827756
1881,1929.0,0.05,100000,1827935
1882,-13800.0,0.05,100000,1828935
1883,-33574.0,0.05,100000,1829935
1884,-972.0,0.05,100000,1830935
1885,-976.0,0.05,100000,1831935
1886,-132979.0,0.05,100000,1832935
1887,-976.0,0.05,100000,1833935
1888,-28286.0,0.05,100000,1834935
1889,-44380.0,0.05,100000,1835935
1890,-123371.0,0.05,100000,1836935
1891,-11367.0,0.05,100000,1837935
1892,-145568.0,0.05,100000,1838935
1893,-872.0,0.05,100000,1839935
1894,-69000.0,0.05,100000,1840935
1895,-27583.0,0.05,100000,1841935
1896,-45367.0,0.05,100000,1842935
1897,-16571.0,0.05,100000,1843634
1898,-117584.0,0.05,100000,1844634
1899,-983.0,0.05,100000,1845634
1900,-195968.0,0.05,100000,1846634
1901,-117771.0,0.05,100000,1847634
1902,-981.0,0.05,100000,1848634
1903,-972.0,0.05,100000,1849634
1904,-972.0,0.05,100000,1850634
1905,-28572.0,0.05,100000,1851634
1906,-984.0,0.05,100000,1852634
1907,-27868.0,0.05,100000,1853634
1908,-59771.0,0.05,100000,1854634
1909,-975.0,0.05,100000,1855634
1910,-79567.0,0.05,100000,1856634
1911,-974.0,0.05,100000,1857634
1912,-122386.0,0.05,100000,1858634
1913,-978.0,0.05,100000,1859634
1914,-128172.0,0.05,100000,1860634
1915,-976.0,0.05,100000,1861634
1916,-972.0,0.05,100000,1862634
1917,-92978.0,0.05,100000,1863634
1918,-104767.0,0.05,100000,1864634
1919,-94572.0,0.05,100000,1865634
1920,-98579.0,0.05,100000,1866634
1921,-115967.0,0.05,100000,1867634
1922,-101193.0,0.05,100000,1868634
1923,-45972.0,0.05,100000,1869634
1924,-987.0,0.05,100000,1870634
1925,1320.0,0.05,100000,1871434
1926,-972.0,0.05,100000,1872434
1927,-15967.0,0.05,100000,1873434
1928,-4981.0,0.05,100000,1874434
1929,-971.0,0.05,100000,1875434
1930,-148984.0,0.05,100000,1876434
1931,1205.0,0.05,100000,1877357
1932,-1000.0,0.05,100000,1878357
1933,-168174.0,0.05,100000,1879357
1934,-47772.0,0.05,100000,1880357
1935,-40967.0,0.05,100000,1881357
1936,-20779.0,0.05,100000,1882357
1937,1886.0,0.05,100000,1882600
1938,-30770.0,0.05,100000,1883600
1939,-81967.0,0.05,100000,1884600
1940,-21167.0,0.05,100000,1885600
1941,-976.0,0.05,100000,1886600
1942,-23973.0,0.05,100000,1887600
1943,-976.0,0.05,100000,1888600
1944,-9968.0,0.05,100000,1889600
1945,-119183.0,0.05,100000,1890600
1946,-967.0,0.05,100000,1891600
1947,-191773.0,0.05,100000,1892600
1948,-4069.0,0.05,100000,1893600
1949,-78785.0,0.05,100000,1894600
1950,-34600.0,0.05,100000,1895600
1951,-49780.0,0.05,100000,1896600
1952,-16767.0,0.05,100000,1897600
1953,-976.0,0.05,100000,1898600
1954,-79384.0,0.05,100000,1899600
1955,-77179.0,0.05,100000,1900600
1956,-4172.0,0.05,100000,1901600
1957,-23567.0,0.05,100000,1902600
1958,-104171.0,0.05,100000,1903600
1959,-967.0,0.05,100000,1904600
1960,-22768.0,0.05,100000,1905600
1961,-62368.0,0.05,100000,1906600
1962,-108370.0,0.05,100000,1907600
1963,-16769.0,0.05,100000,1908600
1964,-55568.0,0.05,100000,1909600
1965,-65970.0,0.05,100000,1910600
1966,-972.0,0.05,100000,1911600
1967,-143787.0,0.05,100000,1912600
1968,-19171.0,0.05,100000,1913600
1969,-1680.0,0.05,100000,1914600
1970,-972.0,0.05,100000,1915600
1971,-53386.0,0.05,100000,1916600
1972,-62367.0,0.05,100000,1917600
1973,-32070.0,0.05,100000,1918600
1974,-119176.0,0.05,100000,1919600
1975,-47568.0,0.05,100000,1920300
1976,-7769.0,0.05,100000,1921300
1977,-86167.0,0.05,100000,1922300
1978,-77971.0,0.05,100000,1923300
1979,-78369.0,0.05,100000,1924300
1980,-107470.0,0.05,100000,1925300
1981,-107369.0,0.05,100000,1926300
1982,-52572.0,0.05,100000,1927300
1983,-69367.0,0.05,100000,1928300
1984,-113972.0,0.05,100000,1929300
1985,-74972.0,0.05,100000,1930300
1986,-174285.0,0.05,100000,1931300
1987,-114580.0,0.05,100000,1932300
1988,-54771.0,0.05,100000,1933300
1989,-47864.0,0.05,100000,1934288
1990,-92772.0,0.05,100000,1935288
1991,-132177.0,0.05,100000,1936288
1992,-85567.0,0.05,100000,1937288
1993,-110979.0,0.05,100000,1938288
1994,-89393.0,0.05,100000,1939288
1995,-177567.0,0.05,100000,1940288
1996,-41669.0,0.05,100000,1941288
1997,-49470.0,0.05,100000,1942288
1998,-18984.0,0.05,100000,1943288
1999,-145786.0,0.05,100000,1944288
2000,-122969.0,0.05,100000,1945288
