episode,return,epsilon,replay_size,steps,attached
1,-64573.0,0.9986933333333333,2000,2000,0
2,-69281.0,0.9973899333333334,3995,3995,1
3,-110367.0,0.9960832666666667,5995,5995,0
4,-192570.0,0.9947766,7995,7995,0
5,-5398.0,0.99469428,8121,8121,1
6,-107568.0,0.9933876133333334,10121,10121,0
7,-54974.0,0.9920809466666667,12121,12121,0
8,-171669.0,0.99077428,14121,14121,0
9,2.0,0.99069,14250,14250,1
10,-34186.0,0.9903515733333333,14768,14768,1
11,-102771.0,0.9890449066666667,16768,16768,0
12,-132174.0,0.98773824,18768,18768,0
13,-80183.0,0.9866177733333333,20483,20483,1
14,-127569.0,0.9853111066666667,22483,22483,0
15,-10386.0,0.985104,22800,22800,1
16,-48448.0,0.98447092,23769,23769,1
17,-51230.0,0.9837117466666667,24931,24931,1
18,-112471.0,0.98240508,26931,26931,0
19,-71254.0,0.9816302266666667,28117,28117,1
20,321.0,0.9813669333333334,28520,28520,1
21,-71470.0,0.9800602666666667,30520,30520,0
22,-118371.0,0.9787536,32520,32520,0
23,-46982.0,0.978293,33225,33225,1
24,-132772.0,0.9769863333333333,35225,35225,0
25,-112671.0,0.9756796666666667,37225,37225,0
26,-102572.0,0.9745676933333334,38927,38927,1
27,290.0,0.9744154666666667,39160,39160,1
28,-33443.0,0.9740398,39735,39735,1
29,-27753.0,0.97359684,40413,40413,1
30,-112767.0,0.9722901733333333,42413,42413,0
31,-58967.0,0.9713121333333333,43910,43910,1
32,-76767.0,0.9700054666666666,45910,45910,0
33,-165769.0,0.9686988,47910,47910,0
34,-185174.0,0.9673921333333333,49910,49910,0
35,-153367.0,0.9660854666666666,51910,51910,0
36,-117767.0,0.9647788,53910,53910,0
37,-92270.0,0.9634721333333334,55910,55910,0
38,-110367.0,0.9621654666666667,57910,57910,0
39,-76169.0,0.9608588,59910,59910,0
40,-173767.0,0.9595521333333333,61910,61910,0
41,-96367.0,0.9582454666666667,63910,63910,0
42,-88690.0,0.9569388,65910,65910,0
43,-122869.0,0.9556321333333333,67910,67910,0
44,-89567.0,0.9543254666666666,69910,69910,0
45,-88871.0,0.9530187999999999,71910,71910,0
46,-61011.0,0.95214268,73251,73251,1
47,-118868.0,0.9508360133333333,75251,75251,0
48,-104167.0,0.9495293466666667,77251,77251,0
49,-118170.0,0.94854804,78753,78753,1
50,-6952.0,0.9481024666666666,79435,79435,1
51,-15430.0,0.94773856,79992,79992,1
52,-17909.0,0.9471962933333333,80822,80822,1
53,-11902.0,0.9469134,81255,81255,1
54,-154571.0,0.9456067333333333,83255,83255,0
55,-112271.0,0.9443000666666667,85255,85255,0
56,11.0,0.9442216666666666,85375,85375,1
57,2054.0,0.94418116,85437,85437,1
58,-95568.0,0.9428744933333333,87437,87437,0
59,-123367.0,0.9415678266666667,89437,89437,0
60,-140769.0,0.94026116,91437,91437,0
61,-3783.0,0.94005536,91752,91752,1
62,-22424.0,0.9397051733333334,92288,92288,1
63,-135171.0,0.9383985066666667,94288,94288,0
64,-118768.0,0.93709184,96288,96288,0
65,-92967.0,0.9357851733333333,98288,98288,0
66,-106967.0,0.9344785066666667,100288,100288,0
67,-18373.0,0.9336272133333333,101591,101591,1
68,-60086.0,0.9323205466666666,103591,103591,0
69,-74371.0,0.93101388,105591,105591,0
70,-36367.0,0.9297072133333333,107591,107591,0
71,-107782.0,0.9284005466666667,109591,109591,0
72,-81176.0,0.92709388,111591,111591,0
73,-32286.0,0.9260367866666667,113209,113209,1
74,1358.0,0.92553176,113982,113982,1
75,-14368.0,0.9242250933333334,115982,115982,0
76,-82170.0,0.9229184266666667,117982,117982,0
77,-27015.0,0.9217770533333334,119729,119729,1
78,-41668.0,0.9204703866666667,121729,121729,0
79,-39367.0,0.91916372,123729,123729,0
80,-49573.0,0.9178570533333333,125729,125729,0
81,-50367.0,0.9165503866666667,127729,127729,0
82,-112367.0,0.91524372,129729,129729,0
83,-104784.0,0.9139370533333333,131729,131729,0
84,-90388.0,0.9126303866666666,133729,133729,0
85,-57874.0,0.91132372,135729,135729,0
86,-99468.0,0.9100170533333334,137729,137729,0
87,-48968.0,0.9087103866666667,139729,139729,0
88,-78095.0,0.90740372,141729,141729,0
89,-13770.0,0.9070777066666666,142228,142228,1
90,-3046.0,0.9064420133333333,143201,143201,1
91,-17533.0,0.9056175066666666,144463,144463,1
92,-67574.0,0.90431084,146463,146463,0
93,-91773.0,0.9030041733333334,148463,148463,0
94,-124673.0,0.9016975066666667,150463,150463,0
95,-54170.0,0.90039084,152463,152463,0
96,-102170.0,0.8990841733333333,154463,154463,0
97,-3593.0,0.8984804933333334,155387,155387,1
98,-37572.0,0.8975057200000001,156879,156879,1
99,-76370.0,0.8961990533333333,158879,158879,0
100,-48767.0,0.8948923866666667,160879,160879,0
101,-72570.0,0.89358572,162879,162879,0
102,-28985.0,0.8924652533333334,164594,164594,1
103,-28304.0,0.8917910133333333,165626,165626,1
104,-51569.0,0.8904843466666666,167626,167626,0
105,-82579.0,0.88917768,169626,169626,0
106,-44574.0,0.8878710133333333,171626,171626,0
107,-49971.0,0.8865643466666666,173626,173626,0
108,-64184.0,0.88525768,175626,175626,0
109,-46167.0,0.8839510133333334,177626,177626,0
110,-4105.0,0.8835413733333334,178253,178253,1
111,-98177.0,0.8822347066666667,180253,180253,0
112,-127770.0,0.88092804,182253,182253,0
113,-79770.0,0.8796213733333333,184253,184253,0
114,-100171.0,0.8783147066666667,186253,186253,0
115,-20973.0,0.87700804,188253,188253,0
116,-71967.0,0.8757013733333333,190253,190253,0
117,-55967.0,0.8743947066666666,192253,192253,0
118,-26969.0,0.8730880400000001,194253,194253,0
119,-95185.0,0.8717813733333333,196253,196253,0
120,-71986.0,0.8704747066666667,198253,198253,0
121,-49371.0,0.86916804,200253,200253,0
122,-23971.0,0.8678613733333334,202253,202253,0
123,-24392.0,0.8673896666666667,202975,202975,1
124,-19953.0,0.8668114666666666,203860,203860,1
125,-24157.0,0.8659699733333334,205148,205148,1
126,-74671.0,0.8646633066666667,207148,207148,0
127,-79781.0,0.86335664,209148,209148,0
128,-40057.0,0.8620584666666666,211135,211135,1
129,-86771.0,0.8607518000000001,213135,213135,0
130,-68970.0,0.8594451333333333,215135,215135,0
131,-88583.0,0.8581384666666667,217135,217135,0
132,-22895.0,0.8570892133333333,218741,218741,1
133,-79270.0,0.8557825466666666,220741,220741,0
134,405.0,0.8553075733333333,221468,221468,1
135,-100378.0,0.8540009066666667,223468,223468,0
136,-116371.0,0.8526942399999999,225468,225468,0
137,-97567.0,0.8513875733333334,227468,227468,0
138,-67777.0,0.8500809066666667,229468,229468,0
139,-76580.0,0.84877424,231468,231468,0
140,-107982.0,0.8474675733333333,233468,233468,0
141,-44979.0,0.8461609066666667,235468,235468,0
142,-123371.0,0.84485424,237468,237468,0
143,-55399.0,0.8435926533333333,239399,239399,1
144,-108167.0,0.8422859866666667,241399,241399,0
145,-72571.0,0.84097932,243399,243399,0
146,-58769.0,0.8396726533333333,245399,245399,0
147,-93979.0,0.8383659866666666,247399,247399,0
148,-26767.0,0.83705932,249399,249399,0
149,-63767.0,0.8357526533333334,251399,251399,0
150,-26696.0,0.83495428,252621,252621,1
151,-75169.0,0.8336476133333334,254621,254621,0
152,-34291.0,0.83271792,256044,256044,1
153,-97575.0,0.8314112533333333,258044,258044,0
154,-91588.0,0.8301045866666666,260044,260044,0
155,-54169.0,0.82879792,262044,262044,0
156,-65979.0,0.8274912533333333,264044,264044,0
157,-92567.0,0.8261845866666666,266044,266044,0
158,-94167.0,0.82487792,268044,268044,0
159,-1488.0,0.8240808533333334,269264,269264,1
160,-105379.0,0.8227741866666667,271264,271264,0
161,-40367.0,0.82146752,273264,273264,0
162,-79878.0,0.8201608533333333,275264,275264,0
163,-112969.0,0.8188541866666667,277264,277264,0
164,-106768.0,0.81754752,279264,279264,0
165,-81368.0,0.8162408533333334,281264,281264,0
166,-62177.0,0.8149341866666666,283264,283264,0
167,-101367.0,0.81362752,285264,285264,0
168,-100367.0,0.8123208533333334,287264,287264,0
169,-82167.0,0.8110141866666667,289264,289264,0
170,-30663.0,0.8106332933333333,289847,289847,1
171,-72769.0,0.8093266266666667,291847,291847,0
172,-85571.0,0.80801996,293847,293847,0
173,-80571.0,0.8067132933333333,295847,295847,0
174,-97369.0,0.8054066266666666,297847,297847,0
175,-81576.0,0.8040999600000001,299847,299847,0
176,-116167.0,0.8027932933333333,301847,301847,0
177,-260.0,0.8026737333333334,302030,302030,1
178,-8223.0,0.8021961466666667,302761,302761,1
179,-69370.0,0.80088948,304761,304761,0
180,-120567.0,0.7995828133333334,306761,306761,0
181,-57168.0,0.7982761466666667,308761,308761,0
182,-74367.0,0.79696948,310761,310761,0
183,-124567.0,0.7956628133333333,312761,312761,0
184,-106367.0,0.7943561466666667,314761,314761,0
185,-80769.0,0.79304948,316761,316761,0
186,2086.0,0.7930351066666667,316783,316783,1
187,-66167.0,0.79172844,318783,318783,0
188,-6655.0,0.7914769066666667,319168,319168,1
189,-101275.0,0.7902963333333334,320975,320975,1
190,-160.0,0.7901088266666667,321262,321262,1
191,-5302.0,0.7896965733333333,321893,321893,1
192,-70968.0,0.7883899066666666,323893,323893,0
193,-46906.0,0.7877117466666667,324931,324931,1
194,-43967.0,0.78640508,326931,326931,0
195,-107369.0,0.7850984133333333,328931,328931,0
196,-62682.0,0.7837917466666666,330931,330931,0
197,-63171.0,0.78248508,332931,332931,0
198,-1064.0,0.7822270133333333,333326,333326,1
199,-78169.0,0.7809203466666667,335326,335326,0
200,-93567.0,0.77961368,337326,337326,0
201,-57567.0,0.7783070133333334,339326,339326,0
202,-95576.0,0.7770003466666666,341326,341326,0
203,-67567.0,0.77569368,343326,343326,0
204,-93182.0,0.7743870133333334,345326,345326,0
205,-82570.0,0.7730803466666667,347326,347326,0
206,-107567.0,0.77177368,349326,349326,0
207,-121767.0,0.7704670133333333,351326,351326,0
208,-80569.0,0.7691603466666667,353326,353326,0
209,-123471.0,0.76785368,355326,355326,0
210,-115988.0,0.7665470133333333,357326,357326,0
211,-62767.0,0.7652403466666666,359326,359326,0
212,-87576.0,0.7639336800000001,361326,361326,0
213,-28651.0,0.7635527866666667,361909,361909,1
214,-80367.0,0.76224612,363909,363909,0
215,-19596.0,0.7616398266666666,364837,364837,1
216,-110769.0,0.7603331600000001,366837,366837,0
217,-101567.0,0.7590264933333334,368837,368837,0
218,-1565.0,0.7588350666666667,369130,369130,1
219,-77371.0,0.7575284,371130,371130,0
220,-81967.0,0.7562217333333333,373130,373130,0
221,-125185.0,0.7549150666666666,375130,375130,0
222,1959.0,0.754804,375300,375300,1
223,-83384.0,0.7534973333333334,377300,377300,0
224,-57567.0,0.7521906666666667,379300,379300,0
225,-20418.0,0.7517006666666667,380050,380050,1
226,-99770.0,0.750394,382050,382050,0
227,-70167.0,0.7490873333333333,384050,384050,0
228,2005.0,0.7490095866666666,384169,384169,1
229,-96771.0,0.74770292,386169,386169,0
230,-82981.0,0.7463962533333334,388169,388169,0
231,-84569.0,0.7450895866666667,390169,390169,0
232,-74181.0,0.74378292,392169,392169,0
233,-358.0,0.7435934533333333,392459,392459,1
234,-92976.0,0.7422867866666667,394459,394459,0
235,-82578.0,0.74098012,396459,396459,0
236,-44567.0,0.7396734533333333,398459,398459,0
237,-90167.0,0.7383667866666667,400459,400459,0
238,-102367.0,0.73706012,402459,402459,0
239,-93181.0,0.7357534533333333,404459,404459,0
240,-128569.0,0.7344467866666666,406459,406459,0
241,-94373.0,0.7331401200000001,408459,408459,0
242,-81367.0,0.7318334533333333,410459,410459,0
243,-101191.0,0.7305267866666667,412459,412459,0
244,-112768.0,0.72922012,414459,414459,0
245,-113767.0,0.7279134533333333,416459,416459,0
246,-114567.0,0.7266067866666667,418459,418459,0
247,-95778.0,0.72530012,420459,420459,0
248,-67351.0,0.7240725066666667,422338,422338,1
249,-97167.0,0.7227658400000001,424338,424338,0
250,-116982.0,0.7214591733333333,426338,426338,0
251,-18784.0,0.7204713333333334,427850,427850,1
252,-93367.0,0.7191646666666667,429850,429850,0
253,-77967.0,0.717858,431850,431850,0
254,-109168.0,0.7165513333333333,433850,433850,0
255,-69790.0,0.7152446666666668,435850,435850,0
256,-79576.0,0.713938,437850,437850,0
257,-105768.0,0.7126313333333334,439850,439850,0
258,1846.0,0.7124575466666667,440116,440116,1
259,-97367.0,0.7111508799999999,442116,442116,0
260,-54774.0,0.7098442133333334,444116,444116,0
261,-91367.0,0.7085375466666667,446116,446116,0
262,-18820.0,0.7080475466666667,446866,446866,1
263,-113380.0,0.70674088,448866,448866,0
264,-94167.0,0.7054342133333333,450866,450866,0
265,-66367.0,0.7041275466666667,452866,452866,0
266,-103373.0,0.70282088,454866,454866,0
267,-53967.0,0.7015142133333334,456866,456866,0
268,-35721.0,0.7009595333333334,457715,457715,1
269,-119567.0,0.6996528666666666,459715,459715,0
270,-92776.0,0.6983462,461715,461715,0
271,-98370.0,0.6970395333333333,463715,463715,0
272,-1247.0,0.6968049866666667,464074,464074,1
273,-116472.0,0.69549832,466074,466074,0
274,-86767.0,0.6941916533333333,468074,468074,0
275,-85770.0,0.6928849866666666,470074,470074,0
276,-67983.0,0.6915783200000001,472074,472074,0
277,-114188.0,0.6902716533333333,474074,474074,0
278,1859.0,0.6900991733333333,474338,474338,1
279,-83767.0,0.6887925066666667,476338,476338,0
280,-82569.0,0.68748584,478338,478338,0
281,-69171.0,0.6861791733333333,480338,480338,0
282,-72172.0,0.6848725066666667,482338,482338,0
283,-104577.0,0.68356584,484338,484338,0
284,-679.0,0.6833005866666667,484744,484744,1
285,-68576.0,0.68199392,486744,486744,0
286,-94987.0,0.6806872533333332,488744,488744,0
287,-89367.0,0.6793805866666667,490744,490744,0
288,-4759.0,0.6792022266666666,491017,491017,1
289,-61569.0,0.6778955600000001,493017,493017,0
290,-111988.0,0.6765888933333333,495017,495017,0
291,1008.0,0.67650788,495141,495141,1
292,-81567.0,0.6752012133333334,497141,497141,0
293,-123668.0,0.6738945466666667,499141,499141,0
294,-71967.0,0.67258788,500000,501141,0
295,-17002.0,0.67185484,500000,502263,1
296,-80967.0,0.6705481733333334,500000,504263,0
297,-34309.0,0.6699993733333334,500000,505103,1
298,-84970.0,0.6686927066666666,500000,507103,0
299,-63769.0,0.66738604,500000,509103,0
300,-78169.0,0.6660793733333333,500000,511103,0
301,-63769.0,0.6647727066666667,500000,513103,0
302,-77782.0,0.6634660400000001,500000,515103,0
303,-88567.0,0.6621593733333333,500000,517103,0
304,-20620.0,0.6619320133333333,500000,517451,1
305,-14993.0,0.6615929333333332,500000,517970,1
306,-83570.0,0.6602862666666667,500000,519970,0
307,-97367.0,0.6589796,500000,521970,0
308,-105567.0,0.6576729333333333,500000,523970,0
309,-126575.0,0.6563662666666668,500000,525970,0
310,-65567.0,0.6550596,500000,527970,0
311,-70573.0,0.6537529333333334,500000,529970,0
312,-95170.0,0.6524462666666666,500000,531970,0
313,-18741.0,0.6513545466666666,500000,533641,1
314,-75773.0,0.65004788,500000,535641,0
315,-89174.0,0.6487412133333333,500000,537641,0
316,-104973.0,0.6474345466666667,500000,539641,0
317,-61304.0,0.6463656933333333,500000,541277,1
318,-86979.0,0.6450590266666667,500000,543277,0
319,-93768.0,0.64375236,500000,545277,0
320,-112769.0,0.6424456933333333,500000,547277,0
321,-65571.0,0.6411390266666667,500000,549277,0
322,-80381.0,0.63983236,500000,551277,0
323,-91071.0,0.6385256933333334,500000,553277,0
324,-93368.0,0.6372190266666666,500000,555277,0
325,-42819.0,0.6360835333333333,500000,557015,1
326,-52868.0,0.6347768666666667,500000,559015,0
327,-86587.0,0.6334702,500000,561015,0
328,-41470.0,0.6321635333333333,500000,563015,0
329,-42269.0,0.6308568666666667,500000,565015,0
330,-93571.0,0.6295502,500000,567015,0
331,-67167.0,0.6282435333333334,500000,569015,0
332,-78769.0,0.6269368666666667,500000,571015,0
333,-80167.0,0.6256302,500000,573015,0
334,-69767.0,0.6243235333333333,500000,575015,0
335,-14700.0,0.6239125866666667,500000,575644,1
336,-70177.0,0.62260592,500000,577644,0
337,-74577.0,0.6212992533333332,500000,579644,0
338,-78971.0,0.6199925866666667,500000,581644,0
339,-22884.0,0.61972472,500000,582054,1
340,-63767.0,0.6184180533333333,500000,584054,0
341,-64767.0,0.6171113866666667,500000,586054,0
342,-69367.0,0.6158047200000001,500000,588054,0
343,-29638.0,0.6150416266666667,500000,589222,1
344,-65567.0,0.6137349599999999,500000,591222,0
345,-72567.0,0.6124282933333334,500000,593222,0
346,-70884.0,0.6111216266666667,500000,595222,0
347,-63967.0,0.60981496,500000,597222,0
348,-92777.0,0.6085082933333333,500000,599222,0
349,-87367.0,0.6072016266666667,500000,601222,0
350,-90571.0,0.60589496,500000,603222,0
351,-97786.0,0.6045882933333333,500000,605222,0
352,-27998.0,0.60359,500000,606750,1
353,-87181.0,0.6022833333333333,500000,608750,0
354,-64967.0,0.6009766666666667,500000,610750,0
355,-87768.0,0.59967,500000,612750,0
356,-35186.0,0.5983633333333334,500000,614750,0
357,-31567.0,0.5970566666666667,500000,616750,0
358,-87567.0,0.59575,500000,618750,0
359,-5700.0,0.5954742933333333,500000,619172,1
360,-100367.0,0.5941676266666667,500000,621172,0
361,1871.0,0.5940029866666667,500000,621424,1
362,-88171.0,0.5926963199999999,500000,623424,0
363,-89371.0,0.5913896533333334,500000,625424,0
364,-49769.0,0.5900829866666666,500000,627424,0
365,2087.0,0.5900588133333333,500000,627461,1
366,-56367.0,0.5887521466666668,500000,629461,0
367,-50367.0,0.58744548,500000,631461,0
368,2084.0,0.58741804,500000,631503,1
369,-73167.0,0.5861113733333334,500000,633503,0
370,-93767.0,0.5848047066666666,500000,635503,0
371,-69771.0,0.58349804,500000,637503,0
372,-98367.0,0.5821913733333333,500000,639503,0
373,-82967.0,0.5808847066666667,500000,641503,0
374,-45770.0,0.57957804,500000,643503,0
375,-86577.0,0.5782713733333333,500000,645503,0
376,-71571.0,0.5769647066666668,500000,647503,0
377,-55787.0,0.57565804,500000,649503,0
378,-87567.0,0.5743513733333333,500000,651503,0
379,-85967.0,0.5730447066666666,500000,653503,0
380,-73169.0,0.5717380400000001,500000,655503,0
381,-95770.0,0.5704313733333333,500000,657503,0
382,-61170.0,0.5691247066666667,500000,659503,0
383,-34967.0,0.56781804,500000,661503,0
384,-70371.0,0.5665113733333333,500000,663503,0
385,-57967.0,0.5652047066666667,500000,665503,0
386,-87969.0,0.56389804,500000,667503,0
387,-62584.0,0.5625913733333334,500000,669503,0
388,-57969.0,0.5612847066666666,500000,671503,0
389,-68571.0,0.5599780400000001,500000,673503,0
390,-80567.0,0.5586713733333334,500000,675503,0
391,-52985.0,0.5573647066666667,500000,677503,0
392,-61979.0,0.5560580399999999,500000,679503,0
393,-74373.0,0.5547513733333334,500000,681503,0
394,-5555.0,0.554443,500000,681975,1
395,-71384.0,0.5531363333333333,500000,683975,0
396,-69179.0,0.5518296666666667,500000,685975,0
397,-80171.0,0.550523,500000,687975,0
398,-83967.0,0.5492163333333333,500000,689975,0
399,-73979.0,0.5479096666666667,500000,691975,0
400,47.0,0.5474621333333334,500000,692660,1
401,-111076.0,0.5461554666666667,500000,694660,0
402,-54385.0,0.5448488,500000,696660,0
403,-83567.0,0.5435421333333333,500000,698660,0
404,-77768.0,0.5422354666666667,500000,700660,0
405,-50973.0,0.5409288,500000,702660,0
406,-35378.0,0.5396221333333333,500000,704660,0
407,-75570.0,0.5383154666666667,500000,706660,0
408,-65169.0,0.5370088,500000,708660,0
409,-1098.0,0.5367311333333333,500000,709085,1
410,-47767.0,0.5354244666666667,500000,711085,0
411,-52378.0,0.5341178,500000,713085,0
412,-48770.0,0.5328111333333334,500000,715085,0
413,-21979.0,0.5315044666666666,500000,717085,0
414,-55767.0,0.5301978,500000,719085,0
415,1068.0,0.53002532,500000,719349,1
416,-26405.0,0.5290218,500000,720885,1
417,-85567.0,0.5277151333333334,500000,722885,0
418,-38969.0,0.5264084666666666,500000,724885,0
419,-46170.0,0.5251018000000001,500000,726885,0
420,-47971.0,0.5237951333333333,500000,728885,0
421,-50772.0,0.5224884666666667,500000,730885,0
422,-56769.0,0.5211817999999999,500000,732885,0
423,-56984.0,0.5198751333333334,500000,734885,0
424,-45767.0,0.5185684666666667,500000,736885,0
425,-10773.0,0.5179922266666667,500000,737767,1
426,-49187.0,0.51668556,500000,739767,0
427,1884.0,0.5165235333333333,500000,740015,1
428,1857.0,0.5163438666666667,500000,740290,1
429,-42169.0,0.5150372,500000,742290,0
430,1947.0,0.5149169866666667,500000,742474,1
431,-29344.0,0.5138226533333333,500000,744149,1
432,-47771.0,0.5125159866666666,500000,746149,0
433,-64167.0,0.5112093200000001,500000,748149,0
434,-46569.0,0.5099026533333333,500000,750149,0
435,-111684.0,0.5085959866666667,500000,752149,0
436,-40127.0,0.5073840533333334,500000,754004,1
437,-71781.0,0.5060773866666666,500000,756004,0
438,-47169.0,0.50477072,500000,758004,0
439,-15207.0,0.5041650799999999,500000,758931,1
440,-55968.0,0.5028584133333334,500000,760931,0
441,-4130.0,0.50204436,500000,762177,1
442,-47570.0,0.5007376933333333,500000,764177,0
443,-33767.0,0.4994310266666667,500000,766177,0
444,-59379.0,0.49812436000000004,500000,768177,0
445,-55783.0,0.49681769333333325,500000,770177,0
446,-8447.0,0.49604741333333335,500000,771356,1
447,-42779.0,0.4947407466666667,500000,773356,0
448,-22037.0,0.49371827999999995,500000,774921,1
449,-83167.0,0.4924116133333334,500000,776921,0
450,-70569.0,0.4911049466666667,500000,778921,0
451,-23567.0,0.48979828000000003,500000,780921,0
452,-62974.0,0.48849161333333335,500000,782921,0
453,-64567.0,0.4871849466666667,500000,784921,0
454,-70187.0,0.48587828,500000,786921,0
455,-56767.0,0.4845716133333333,500000,788921,0
456,-60170.0,0.48326494666666675,500000,790921,0
457,-45170.0,0.48195827999999996,500000,792921,0
458,-42767.0,0.4806516133333334,500000,794921,0
459,-36368.0,0.4793449466666667,500000,796921,0
460,-20077.0,0.47843485333333335,500000,798314,1
461,-45771.0,0.4771281866666667,500000,800314,0
462,-42868.0,0.47582152,500000,802314,0
463,-54767.0,0.4745148533333333,500000,804314,0
464,-78181.0,0.47320818666666675,500000,806314,0
465,-28870.0,0.47190151999999996,500000,808314,0
466,-42171.0,0.4705948533333334,500000,810314,0
467,-54569.0,0.4692881866666667,500000,812314,0
468,-50975.0,0.46798152000000004,500000,814314,0
469,-27367.0,0.46667485333333336,500000,816314,0
470,-22767.0,0.4653681866666667,500000,818314,0
471,-31167.0,0.46406152,500000,820314,0
472,-46982.0,0.4627548533333333,500000,822314,0
473,-34771.0,0.46144818666666676,500000,824314,0
474,-23833.0,0.46042768,500000,825876,1
475,-38971.0,0.4591210133333333,500000,827876,0
476,-39771.0,0.45781434666666665,500000,829876,0
477,-53581.0,0.4565076800000001,500000,831876,0
478,-47074.0,0.4552010133333333,500000,833876,0
479,-24169.0,0.4538943466666667,500000,835876,0
480,-68971.0,0.45258768000000005,500000,837876,0
481,-8730.0,0.4520245066666666,500000,838738,1
482,-17104.0,0.45135026666666667,500000,839770,1
483,-36677.0,0.4500436,500000,841770,0
484,-67370.0,0.4487369333333334,500000,843770,0
485,-50768.0,0.44743026666666663,500000,845770,0
486,-23268.0,0.44612359999999995,500000,847770,0
487,-24169.0,0.4448169333333334,500000,849770,0
488,-28885.0,0.4435102666666666,500000,851770,0
489,-53976.0,0.44220360000000003,500000,853770,0
490,-86068.0,0.44089693333333335,500000,855770,0
491,1983.0,0.44080220000000003,500000,855915,1
492,-29769.0,0.43949553333333335,500000,857915,0
493,-24528.0,0.43893628000000007,500000,858771,1
494,1937.0,0.43880887999999996,500000,858966,1
495,-33312.0,0.43760544,500000,860808,1
496,-30590.0,0.43629877333333333,500000,862808,0
497,-14565.0,0.4354527066666667,500000,864103,1
498,-55175.0,0.43414604,500000,866103,0
499,-71168.0,0.43283937333333333,500000,868103,0
500,-63571.0,0.43153270666666665,500000,870103,0
501,-41583.0,0.4302260400000001,500000,872103,0
502,-56173.0,0.4289193733333333,500000,874103,0
503,-55570.0,0.4276127066666666,500000,876103,0
504,-53170.0,0.42630604000000005,500000,878103,0
505,-58767.0,0.42499937333333326,500000,880103,0
506,-56170.0,0.4236927066666667,500000,882103,0
507,-40666.0,0.4225180133333333,500000,883901,1
508,-59768.0,0.4212113466666667,500000,885901,0
509,-40767.0,0.41990468000000003,500000,887901,0
510,786.0,0.4194186,500000,888645,1
511,-40569.0,0.4181119333333334,500000,890645,0
512,-55571.0,0.4168052666666666,500000,892645,0
513,-70969.0,0.41549859999999994,500000,894645,0
514,-64367.0,0.4141919333333334,500000,896645,0
515,-38552.0,0.4133530533333334,500000,897929,1
516,-29373.0,0.4120463866666667,500000,899929,0
517,-38171.0,0.41073972000000003,500000,901929,0
518,-26871.0,0.40943305333333335,500000,903929,0
519,-65771.0,0.4081263866666667,500000,905929,0
520,-61571.0,0.40681972,500000,907929,0
521,-42171.0,0.40551305333333343,500000,909929,0
522,-12440.0,0.40449515999999996,500000,911487,1
523,-31379.0,0.4031884933333334,500000,913487,0
524,-44970.0,0.4018818266666667,500000,915487,0
525,-61876.0,0.40057515999999993,500000,917487,0
526,-33771.0,0.39926849333333336,500000,919487,0
527,-53189.0,0.3979618266666667,500000,921487,0
528,-31973.0,0.39665516,500000,923487,0
529,-1077.0,0.39625728000000005,500000,924096,1
530,-69268.0,0.39495061333333337,500000,926096,0
531,-42367.0,0.3936439466666667,500000,928096,0
532,-46971.0,0.39233728,500000,930096,0
533,-54371.0,0.39103061333333333,500000,932096,0
534,-46973.0,0.38972394666666665,500000,934096,0
535,-28967.0,0.3884172800000001,500000,936096,0
536,-35771.0,0.3871106133333333,500000,938096,0
537,-54979.0,0.38580394666666673,500000,940096,0
538,-39783.0,0.38449728000000005,500000,942096,0
539,-22169.0,0.38319061333333326,500000,944096,0
540,-34771.0,0.3818839466666667,500000,946096,0
541,1810.0,0.38167749333333334,500000,946412,1
542,-34783.0,0.38037082666666666,500000,948412,0
543,-42168.0,0.3790641600000001,500000,950412,0
544,-37886.0,0.3782690533333334,500000,951629,1
545,-29771.0,0.3769623866666667,500000,953629,0
546,-47968.0,0.37565572,500000,955629,0
547,-2463.0,0.3752735199999999,500000,956214,1
548,-43571.0,0.37396685333333335,500000,958214,0
549,-35981.0,0.37266018666666667,500000,960214,0
550,-27872.0,0.37135352,500000,962214,0
551,-33967.0,0.3700468533333333,500000,964214,0
552,1427.0,0.36958756000000004,500000,964917,1
553,-53882.0,0.36828089333333336,500000,966917,0
554,-60576.0,0.3669742266666667,500000,968917,0
555,-43769.0,0.36566756,500000,970917,0
556,-50567.0,0.3643608933333333,500000,972917,0
557,-42385.0,0.36305422666666676,500000,974917,0
558,-54567.0,0.36174755999999997,500000,976917,0
559,-15096.0,0.36055326666666676,500000,978745,1
560,-31967.0,0.35924659999999997,500000,980745,0
561,-36379.0,0.3579399333333334,500000,982745,0
562,-39379.0,0.3566332666666667,500000,984745,0
563,-34779.0,0.35532659999999994,500000,986745,0
564,-53587.0,0.35401993333333337,500000,988745,0
565,-22082.0,0.3527132666666667,500000,990745,0
566,-32103.0,0.35178292,500000,992169,1
567,-51181.0,0.3504762533333333,500000,994169,0
568,-31372.0,0.34916958666666664,500000,996169,0
569,2042.0,0.3491134,500000,996255,1
570,-7688.0,0.3483254800000001,500000,997461,1
571,1836.0,0.3481379733333333,500000,997748,1
572,-311.0,0.34719521333333336,500000,999191,1
573,-2264.0,0.34680713333333335,500000,999785,1
574,-50971.0,0.3455004666666667,500000,1001785,0
575,-8375.0,0.3441938000000001,500000,1003785,0
576,-41969.0,0.3428871333333333,500000,1005785,0
577,-25370.0,0.34158046666666664,500000,1007785,0
578,-74270.0,0.34027380000000007,500000,1009785,0
579,-22369.0,0.3389671333333333,500000,1011785,0
580,2108.0,0.33895210666666675,500000,1011808,1
581,-34967.0,0.33764543999999996,500000,1013808,0
582,-27767.0,0.3363387733333334,500000,1015808,0
583,-41770.0,0.3350321066666667,500000,1017808,0
584,-59371.0,0.33372543999999993,500000,1019808,0
585,-25771.0,0.33241877333333336,500000,1021808,0
586,-18769.0,0.3311121066666667,500000,1023808,0
587,-44368.0,0.32980544,500000,1025808,0
588,-61567.0,0.3284987733333333,500000,1027808,0
589,-32779.0,0.32719210666666676,500000,1029808,0
590,-52780.0,0.32588543999999997,500000,1031808,0
591,-39167.0,0.3245787733333333,500000,1033808,0
592,-9072.0,0.3239228266666667,500000,1034812,1
593,-51967.0,0.32261615999999993,500000,1036812,0
594,-41668.0,0.32130949333333336,500000,1038812,0
595,-24687.0,0.3201276133333333,500000,1040621,1
596,1989.0,0.32004268,500000,1040751,1
597,-30583.0,0.31873601333333335,500000,1042751,0
598,-23670.0,0.31742934666666667,500000,1044751,0
599,-11368.0,0.3161226800000001,500000,1046751,0
600,-43668.0,0.3148160133333333,500000,1048751,0
601,-46767.0,0.31350934666666663,500000,1050751,0
602,-25174.0,0.31220268000000007,500000,1052751,0
603,-37983.0,0.3108960133333333,500000,1054751,0
604,-18367.0,0.3095893466666667,500000,1056751,0
605,-37767.0,0.30828268000000003,500000,1058751,0
606,-37787.0,0.30697601333333335,500000,1060751,0
607,-45187.0,0.3056693466666667,500000,1062751,0
608,-61868.0,0.30436268,500000,1064751,0
609,-2848.0,0.3037230666666666,500000,1065730,1
610,-31969.0,0.30241640000000003,500000,1067730,0
611,-39967.0,0.30110973333333335,500000,1069730,0
612,-17684.0,0.2998030666666667,500000,1071730,0
613,-61187.0,0.2984964,500000,1073730,0
614,-29178.0,0.2971897333333333,500000,1075730,0
615,-40370.0,0.29588306666666664,500000,1077730,0
616,-45569.0,0.29457639999999996,500000,1079730,0
617,-38778.0,0.2932697333333334,500000,1081730,0
618,-42171.0,0.2919630666666666,500000,1083730,0
619,-29568.0,0.29065640000000004,500000,1085730,0
620,-45369.0,0.28934973333333336,500000,1087730,0
621,-23268.0,0.2880430666666667,500000,1089730,0
622,-6570.0,0.2867364,500000,1091730,0
623,-37476.0,0.28581846666666666,500000,1093135,1
624,-49171.0,0.2845118,500000,1095135,0
625,-40171.0,0.2832051333333334,500000,1097135,0
626,-21570.0,0.28189846666666674,500000,1099135,0
627,-37581.0,0.28059179999999995,500000,1101135,0
628,-54567.0,0.2792851333333334,500000,1103135,0
629,-54276.0,0.2779784666666667,500000,1105135,0
630,-30170.0,0.2766718,500000,1107135,0
631,-1324.0,0.2761145066666667,500000,1107988,1
632,-25469.0,0.27480784,500000,1109988,0
633,-42369.0,0.27350117333333335,500000,1111988,0
634,-27296.0,0.27219450666666667,500000,1113988,0
635,-11883.0,0.27114982666666665,500000,1115587,1
636,-60376.0,0.26984315999999997,500000,1117587,0
637,-282.0,0.26944332000000004,500000,1118199,1
638,-17885.0,0.26813665333333336,500000,1120199,0
639,-43767.0,0.2668299866666667,500000,1122199,0
640,-26770.0,0.26552332,500000,1124199,0
641,-27170.0,0.26421665333333333,500000,1126199,0
642,-36987.0,0.26290998666666665,500000,1128199,0
643,1959.0,0.26279695999999997,500000,1128372,1
644,-1534.0,0.2626257866666667,500000,1128634,1
645,-36973.0,0.26131912,500000,1130634,0
646,-38868.0,0.26001245333333345,500000,1132634,0
647,583.0,0.2597870533333333,500000,1132979,1
648,765.0,0.2594166133333333,500000,1133546,1
649,-1646.0,0.25890831999999997,500000,1134324,1
650,-1567.0,0.2584516400000001,500000,1135023,1
651,-34567.0,0.2571449733333333,500000,1137023,0
652,-27775.0,0.2558383066666666,500000,1139023,0
653,-30571.0,0.25453164000000006,500000,1141023,0
654,-14369.0,0.25322497333333327,500000,1143023,0
655,-24782.0,0.2519183066666667,500000,1145023,0
656,-24570.0,0.25061164,500000,1147023,0
657,-10567.0,0.24930497333333335,500000,1149023,0
658,-16971.0,0.24799830666666667,500000,1151023,0
659,-38367.0,0.24669164,500000,1153023,0
660,-37767.0,0.2453849733333333,500000,1155023,0
661,-23971.0,0.24407830666666663,500000,1157023,0
662,-27967.0,0.24277164000000007,500000,1159023,0
663,-30574.0,0.24146497333333328,500000,1161023,0
664,-34967.0,0.2401583066666667,500000,1163023,0
665,-28384.0,0.23885164000000003,500000,1165023,0
666,-33167.0,0.23754497333333335,500000,1167023,0
667,-10730.0,0.23672177333333333,500000,1168283,1
668,-5713.0,0.2363108266666667,500000,1168912,1
669,-16570.0,0.23500416000000002,500000,1170912,0
670,-32367.0,0.23369749333333334,500000,1172912,0
671,-37788.0,0.23239082666666666,500000,1174912,0
672,-21770.0,0.2310841600000001,500000,1176912,0
673,-33768.0,0.2297774933333333,500000,1178912,0
674,-14234.0,0.22876744000000004,500000,1180458,1
675,-35174.0,0.22746077333333337,500000,1182458,0
676,-30582.0,0.2261541066666667,500000,1184458,0
677,-17967.0,0.22484744,500000,1186458,0
678,-29970.0,0.22354077333333333,500000,1188458,0
679,-2744.0,0.22323109333333335,500000,1188932,1
680,-39580.0,0.22192442666666667,500000,1190932,0
681,-34969.0,0.22061776,500000,1192932,0
682,-3040.0,0.21972138666666674,500000,1194304,1
683,-4439.0,0.21948030666666662,500000,1194673,1
684,-2382.0,0.2191444933333334,500000,1195187,1
685,-15375.0,0.21783782666666662,500000,1197187,0
686,-13674.0,0.21704990666666668,500000,1198393,1
687,-30367.0,0.21574324,500000,1200393,0
688,-26785.0,0.21443657333333332,500000,1202393,0
689,-24767.0,0.21312990666666676,500000,1204393,0
690,-15167.0,0.21182323999999997,500000,1206393,0
691,-20771.0,0.2105165733333334,500000,1208393,0
692,-56868.0,0.20920990666666672,500000,1210393,0
693,-40567.0,0.20790323999999993,500000,1212393,0
694,-18370.0,0.20659657333333337,500000,1214393,0
695,-24270.0,0.2052899066666667,500000,1216393,0
696,-16170.0,0.20398324,500000,1218393,0
697,-3706.0,0.20305224,500000,1219818,1
698,-28567.0,0.20174557333333332,500000,1221818,0
699,-19572.0,0.20043890666666675,500000,1223818,0
700,-30167.0,0.19913223999999996,500000,1225818,0
701,-18571.0,0.19782557333333328,500000,1227818,0
702,-24569.0,0.19651890666666672,500000,1229818,0
703,-25769.0,0.19521223999999993,500000,1231818,0
704,-234.0,0.19471178666666666,500000,1232584,1
705,-36177.0,0.19340511999999999,500000,1234584,0
706,-19381.0,0.19209845333333342,500000,1236584,0
707,-23569.0,0.19079178666666663,500000,1238584,0
708,1928.0,0.19065981333333337,500000,1238786,1
709,-15769.0,0.1893531466666667,500000,1240786,0
710,-27868.0,0.18804648000000002,500000,1242786,0
711,-23182.0,0.18673981333333334,500000,1244786,0
712,-13381.0,0.18543314666666666,500000,1246786,0
713,1790.0,0.1852097066666667,500000,1247128,1
714,-17989.0,0.18390304000000002,500000,1249128,0
715,-1249.0,0.1831353733333334,500000,1250303,1
716,1599.0,0.18279302666666664,500000,1250827,1
717,-7383.0,0.18148635999999996,500000,1252827,0
718,-18868.0,0.1801796933333334,500000,1254827,0
719,-33488.0,0.1788730266666666,500000,1256827,0
720,-18270.0,0.17756636000000003,500000,1258827,0
721,-23167.0,0.17625969333333336,500000,1260827,0
722,-6782.0,0.17495302666666668,500000,1262827,0
723,-8784.0,0.17364636,500000,1264827,0
724,-37967.0,0.17233969333333332,500000,1266827,0
725,-13786.0,0.17103302666666675,500000,1268827,0
726,-8167.0,0.16972635999999997,500000,1270827,0
727,-7808.0,0.16846020000000006,500000,1272765,1
728,-17767.0,0.16715353333333338,500000,1274765,0
729,-36187.0,0.1658468666666667,500000,1276765,0
730,-9967.0,0.16454020000000003,500000,1278765,0
731,-32967.0,0.16323353333333335,500000,1280765,0
732,-28579.0,0.16192686666666667,500000,1282765,0
733,180.0,0.16131469333333337,500000,1283702,1
734,-13979.0,0.1600080266666667,500000,1285702,0
735,-11169.0,0.15870136,500000,1287702,0
736,-13988.0,0.15739469333333334,500000,1289702,0
737,-9768.0,0.15608802666666666,500000,1291702,0
738,-19769.0,0.15478135999999998,500000,1293702,0
739,1809.0,0.15457294666666666,500000,1294021,1
740,-7567.0,0.1532662800000001,500000,1296021,0
741,-7767.0,0.1519596133333333,500000,1298021,0
742,-6489.0,0.1511645066666667,500000,1299238,1
743,-22268.0,0.14985784000000002,500000,1301238,0
744,-15470.0,0.14855117333333334,500000,1303238,0
745,-12768.0,0.14724450666666666,500000,1305238,0
746,-12777.0,0.14593783999999999,500000,1307238,0
747,-16167.0,0.1446311733333333,500000,1309238,0
748,-7767.0,0.14332450666666674,500000,1311238,0
749,-7969.0,0.14201783999999995,500000,1313238,0
750,-6671.0,0.14071117333333338,500000,1315238,0
751,-23376.0,0.1394045066666667,500000,1317238,0
752,-14968.0,0.13809783999999992,500000,1319238,0
753,-12369.0,0.13679117333333335,500000,1321238,0
754,-6590.0,0.13548450666666667,500000,1323238,0
755,-3367.0,0.13417784,500000,1325238,0
756,-9682.0,0.13287117333333331,500000,1327238,0
757,-15367.0,0.13156450666666675,500000,1329238,0
758,-12668.0,0.13025784000000007,500000,1331238,0
759,-18971.0,0.12895117333333328,500000,1333238,0
760,-15387.0,0.1276445066666667,500000,1335238,0
761,-5484.0,0.12633784000000003,500000,1337238,0
762,-21883.0,0.12503117333333336,500000,1339238,0
763,-18378.0,0.12372450666666668,500000,1341238,0
764,-16169.0,0.12241784000000011,500000,1343238,0
765,-20882.0,0.12111117333333332,500000,1345238,0
766,-10468.0,0.11980450666666664,500000,1347238,0
767,-8468.0,0.11849784000000008,500000,1349238,0
768,-9581.0,0.11719117333333329,500000,1351238,0
769,-8570.0,0.11588450666666672,500000,1353238,0
770,1126.0,0.11522725333333328,500000,1354244,1
771,-9769.0,0.11392058666666671,500000,1356244,0
772,859.0,0.11335937333333335,500000,1357103,1
773,-16567.0,0.11205270666666667,500000,1359103,0
774,-21568.0,0.11074603999999999,500000,1361103,0
775,-5181.0,0.10943937333333331,500000,1363103,0
776,-9167.0,0.10813270666666674,500000,1365103,0
777,-9767.0,0.10682603999999996,500000,1367103,0
778,-6167.0,0.10551937333333339,500000,1369103,0
779,-11579.0,0.10421270666666671,500000,1371103,0
780,-18367.0,0.10290603999999992,500000,1373103,0
781,-24367.0,0.10159937333333335,500000,1375103,0
782,-1268.0,0.10056580000000004,500000,1376685,1
783,-9968.0,0.09925913333333336,500000,1378685,0
784,-17569.0,0.09795246666666668,500000,1380685,0
785,-18268.0,0.0966458,500000,1382685,0
786,-8967.0,0.09533913333333344,500000,1384685,0
787,-4980.0,0.09403246666666665,500000,1386685,0
788,-9075.0,0.09272579999999997,500000,1388685,0
789,-4779.0,0.0914191333333334,500000,1390685,0
790,-5167.0,0.09011246666666661,500000,1392685,0
791,-7167.0,0.08880580000000005,500000,1394685,0
792,-13870.0,0.08749913333333337,500000,1396685,0
793,-2147.0,0.08640937333333343,500000,1398353,1
794,-3872.0,0.08510270666666664,500000,1400353,0
795,-26269.0,0.08379603999999996,500000,1402353,0
796,-4567.0,0.0824893733333334,500000,1404353,0
797,-715.0,0.0814179066666667,500000,1405993,1
798,-9567.0,0.08011124000000003,500000,1407993,0
799,-7278.0,0.07880457333333335,500000,1409993,0
800,-5170.0,0.07749790666666667,500000,1411993,0
801,-8167.0,0.07619124,500000,1413993,0
802,-5767.0,0.07488457333333343,500000,1415993,0
803,-8370.0,0.07357790666666664,500000,1417993,0
804,-14767.0,0.07227123999999996,500000,1419993,0
805,-6767.0,0.07096457333333339,500000,1421993,0
806,-2979.0,0.0696579066666666,500000,1423993,0
807,-595.0,0.06854658666666669,500000,1425694,1
808,-11274.0,0.06723992000000001,500000,1427694,0
809,-10071.0,0.06593325333333333,500000,1429694,0
810,-4487.0,0.06462658666666665,500000,1431694,0
811,-6485.0,0.06331992000000009,500000,1433694,0
812,-5567.0,0.062013253333333296,500000,1435694,0
813,-3283.0,0.06070658666666662,500000,1437694,0
814,-6265.0,0.05953254666666663,500000,1439491,1
815,-7570.0,0.05822587999999995,500000,1441491,0
816,-5573.0,0.056919213333333385,500000,1443491,0
817,-6870.0,0.055612546666666596,500000,1445491,0
818,-7179.0,0.05430588000000003,500000,1447491,0
819,-23367.0,0.05299921333333335,500000,1449491,0
820,-3569.0,0.05169254666666678,500000,1451491,0
821,-6377.0,0.050385879999999994,500000,1453491,0
822,-7272.0,0.049079213333333316,500000,1455491,0
823,-191.0,0.048354013333333445,500000,1456601,1
824,-10967.0,0.047047346666666656,500000,1458601,0
825,-12167.0,0.04574067999999998,500000,1460601,0
826,-4575.0,0.04443401333333341,500000,1462601,0
827,-3266.0,0.04352130666666665,500000,1463998,1
828,-3179.0,0.04221464000000008,500000,1465998,0
829,-3969.0,0.04090797333333329,500000,1467998,0
830,-6780.0,0.039601306666666614,500000,1469998,0
831,-8169.0,0.038294640000000046,500000,1471998,0
832,-4201.0,0.03768638666666668,500000,1472929,1
833,-5168.0,0.036379720000000004,500000,1474929,0
834,-4768.0,0.03507305333333344,500000,1476929,0
835,-10878.0,0.03376638666666665,500000,1478929,0
836,-2556.0,0.033188186666666675,500000,1479814,1
837,-3571.0,0.031881519999999997,500000,1481814,0
838,-7967.0,0.03057485333333332,500000,1483814,0
839,-2774.0,0.02926818666666664,500000,1485814,0
840,-6169.0,0.027961520000000073,500000,1487814,0
841,-2979.0,0.026712999999999987,500000,1489725,1
842,-2107.0,0.025643493333333378,500000,1491362,1
843,-5971.0,0.02433682666666659,500000,1493362,0
844,-3969.0,0.02303016000000002,500000,1495362,0
845,-6167.0,0.021723493333333344,500000,1497362,0
846,-5383.0,0.020416826666666776,500000,1499362,0
847,-9674.0,0.02,500000,1501362,0
848,-6170.0,0.02,500000,1503362,0
849,1508.0,0.02,500000,1503986,1
850,-5967.0,0.02,500000,1505986,0
851,-7877.0,0.02,500000,1507986,0
852,-2367.0,0.02,500000,1509986,0
853,-4170.0,0.02,500000,1511986,0
854,772.0,0.02,500000,1512736,1
855,-6776.0,0.02,500000,1514736,0
856,-10579.0,0.02,500000,1516736,0
857,-3170.0,0.02,500000,1518736,0
858,-8730.0,0.02,500000,1520598,1
859,-4169.0,0.02,500000,1522598,0
860,-8567.0,0.02,500000,1524598,0
861,-3179.0,0.02,500000,1526598,0
862,-2668.0,0.02,500000,1528598,0
863,-9769.0,0.02,500000,1530598,0
864,-13080.0,0.02,500000,1532598,0
865,-2271.0,0.02,500000,1534598,0
866,-1973.0,0.02,500000,1536598,0
867,-13174.0,0.02,500000,1538598,0
868,-5287.0,0.02,500000,1540598,0
869,-14983.0,0.02,500000,1542598,0
870,-3977.0,0.02,500000,1544598,0
871,-6367.0,0.02,500000,1546598,0
872,-3600.0,0.02,500000,1548598,0
873,-8567.0,0.02,500000,1550598,0
874,-2371.0,0.02,500000,1552598,0
875,-6570.0,0.02,500000,1554598,0
876,-6567.0,0.02,500000,1556598,0
877,-4874.0,0.02,500000,1558598,0
878,-7668.0,0.02,500000,1560598,0
879,-2600.0,0.02,500000,1562598,0
880,-4967.0,0.02,500000,1564598,0
881,-7767.0,0.02,500000,1566598,0
882,-14183.0,0.02,500000,1568598,0
883,-17668.0,0.02,500000,1570598,0
884,-6167.0,0.02,500000,1572598,0
885,-2767.0,0.02,500000,1574598,0
886,-4209.0,0.02,500000,1576535,1
887,-6200.0,0.02,500000,1578535,0
888,-17969.0,0.02,500000,1580535,0
889,-9570.0,0.02,500000,1582535,0
890,-4708.0,0.02,500000,1584375,1
891,-1967.0,0.02,500000,1586375,0
892,-5989.0,0.02,500000,1588375,0
893,-1951.0,0.02,500000,1589647,1
894,-664.0,0.02,500000,1590240,1
895,-5971.0,0.02,500000,1592240,0
896,-5367.0,0.02,500000,1594240,0
897,-11072.0,0.02,500000,1596240,0
898,-412.0,0.02,500000,1597568,1
899,-4980.0,0.02,500000,1599568,0
900,-5769.0,0.02,500000,1601568,0
901,-2968.0,0.02,500000,1603568,0
902,-7178.0,0.02,500000,1605568,0
903,-8581.0,0.02,500000,1607568,0
904,-26271.0,0.02,500000,1609568,0
905,-6168.0,0.02,500000,1611568,0
906,-7972.0,0.02,500000,1613568,0
907,-7570.0,0.02,500000,1615568,0
908,-4569.0,0.02,500000,1617568,0
909,-23271.0,0.02,500000,1619568,0
910,-952.0,0.02,500000,1621452,1
911,-4061.0,0.02,500000,1622433,1
912,-11167.0,0.02,500000,1624433,0
913,-703.0,0.02,500000,1626057,1
914,-6770.0,0.02,500000,1628057,0
915,-3773.0,0.02,500000,1630057,0
916,-4576.0,0.02,500000,1632057,0
917,-6371.0,0.02,500000,1634057,0
918,-26869.0,0.02,500000,1636057,0
919,-2371.0,0.02,500000,1638057,0
920,-14468.0,0.02,500000,1640057,0
921,2101.0,0.02,500000,1640078,1
922,1912.0,0.02,500000,1640294,1
923,-5367.0,0.02,500000,1642294,0
924,-8791.0,0.02,500000,1644294,0
925,-8984.0,0.02,500000,1646294,0
926,-11583.0,0.02,500000,1648294,0
927,-7969.0,0.02,500000,1650294,0
928,-12577.0,0.02,500000,1652294,0
929,1871.0,0.02,500000,1652546,1
930,-10968.0,0.02,500000,1654546,0
931,-6367.0,0.02,500000,1656546,0
932,-7969.0,0.02,500000,1658546,0
933,-126.0,0.02,500000,1658800,1
934,-7370.0,0.02,500000,1660800,0
935,-4985.0,0.02,500000,1662800,0
936,-8767.0,0.02,500000,1664800,0
937,-4967.0,0.02,500000,1666800,0
938,-7169.0,0.02,500000,1668800,0
939,450.0,0.02,500000,1669666,1
940,-3967.0,0.02,500000,1671666,0
941,1224.0,0.02,500000,1671969,1
942,-4369.0,0.02,500000,1673969,0
943,-4569.0,0.02,500000,1675969,0
944,-6567.0,0.02,500000,1677969,0
945,-6367.0,0.02,500000,1679969,0
946,-39068.0,0.02,500000,1681969,0
947,-3289.0,0.02,500000,1683969,0
948,-15200.0,0.02,500000,1685969,0
949,129.0,0.02,500000,1687172,1
950,-4488.0,0.02,500000,1689172,0
951,404.0,0.02,500000,1689888,1
952,-8379.0,0.02,500000,1691888,0
953,-7969.0,0.02,500000,1693888,0
954,-6668.0,0.02,500000,1695888,0
955,-3774.0,0.02,500000,1697888,0
956,-3367.0,0.02,500000,1699888,0
957,-3367.0,0.02,500000,1701888,0
958,-2784.0,0.02,500000,1703888,0
959,-3675.0,0.02,500000,1705491,1
960,-4698.0,0.02,500000,1707305,1
961,-3569.0,0.02,500000,1709305,0
962,-10775.0,0.02,500000,1711305,0
963,-19270.0,0.02,500000,1713305,0
964,-3773.0,0.02,500000,1715305,0
965,-479.0,0.02,500000,1716311,1
966,-3072.0,0.02,500000,1718311,0
967,-5970.0,0.02,500000,1720311,0
968,885.0,0.02,500000,1720755,1
969,-12870.0,0.02,500000,1722755,0
970,-4072.0,0.02,500000,1724755,0
971,-5769.0,0.02,500000,1726755,0
972,-5969.0,0.02,500000,1728755,0
973,-702.0,0.02,500000,1729589,1
974,2069.0,0.02,500000,1729630,1
975,-14357.0,0.02,500000,1730502,1
976,1493.0,0.02,500000,1730739,1
977,-10979.0,0.02,500000,1732739,0
978,-8567.0,0.02,500000,1734739,0
979,-8976.0,0.02,500000,1736739,0
980,-13973.0,0.02,500000,1738739,0
981,-5588.0,0.02,500000,1740739,0
982,-635.0,0.02,500000,1741106,1
983,-5356.0,0.02,500000,1741394,1
984,-771.0,0.02,500000,1743079,1
985,1843.0,0.02,500000,1743364,1
986,-7587.0,0.02,500000,1745364,0
987,-5369.0,0.02,500000,1747364,0
988,-4169.0,0.02,500000,1749364,0
989,-7000.0,0.02,500000,1751364,0
990,647.0,0.02,500000,1752249,1
991,-1376.0,0.02,500000,1752757,1
992,2078.0,0.02,500000,1752807,1
993,-4167.0,0.02,500000,1754807,0
994,-6783.0,0.02,500000,1756807,0
995,-7367.0,0.02,500000,1758807,0
996,-4576.0,0.02,500000,1760807,0
997,-11371.0,0.02,500000,1762807,0
998,-3439.0,0.02,500000,1763378,1
999,-10985.0,0.02,500000,1765378,0
1000,-6969.0,0.02,500000,1767378,0
1001,-40778.0,0.02,500000,1769378,0
1002,-4367.0,0.02,500000,1771378,0
1003,-566.0,0.02,500000,1771674,1
1004,-2369.0,0.02,500000,1773674,0
1005,-9771.0,0.02,500000,1775674,0
1006,-1672.0,0.02,500000,1776672,1
1007,1083.0,0.02,500000,1777321,1
1008,-14369.0,0.02,500000,1779321,0
1009,-2367.0,0.02,500000,1781321,0
1010,-11980.0,0.02,500000,1783321,0
1011,-12377.0,0.02,500000,1785321,0
1012,-4390.0,0.02,500000,1787321,0
1013,1248.0,0.02,500000,1787403,1
1014,-2668.0,0.02,500000,1789403,0
1015,1309.0,0.02,500000,1789822,1
1016,1149.0,0.02,500000,1790001,1
1017,-16570.0,0.02,500000,1792001,0
1018,-10370.0,0.02,500000,1794001,0
1019,-8667.0,0.02,500000,1794599,1
1020,-4385.0,0.02,500000,1796599,0
1021,-7069.0,0.02,500000,1798599,0
1022,415.0,0.02,500000,1800316,1
1023,-4170.0,0.02,500000,1802316,0
1024,-13571.0,0.02,500000,1804316,0
1025,-7167.0,0.02,500000,1806316,0
1026,-12464.0,0.02,500000,1807301,1
1027,-8483.0,0.02,500000,1809301,0
1028,-9970.0,0.02,500000,1811301,0
1029,2017.0,0.02,500000,1811416,1
1030,-6074.0,0.02,500000,1813416,0
1031,-14567.0,0.02,500000,1815416,0
1032,-6167.0,0.02,500000,1817416,0
1033,-6767.0,0.02,500000,1819416,0
1034,-9773.0,0.02,500000,1821416,0
1035,-5368.0,0.02,500000,1823416,0
1036,-3821.0,0.02,500000,1823962,1
1037,1650.0,0.02,500000,1824427,1
1038,-3916.0,0.02,500000,1825872,1
1039,-4477.0,0.02,500000,1827872,0
1040,-16773.0,0.02,500000,1829872,0
1041,-5982.0,0.02,500000,1831872,0
1042,-4169.0,0.02,500000,1833872,0
1043,-1806.0,0.02,500000,1834410,1
1044,-12271.0,0.02,500000,1836410,0
1045,-10771.0,0.02,500000,1838410,0
1046,-5171.0,0.02,500000,1840410,0
1047,-6567.0,0.02,500000,1842410,0
1048,533.0,0.02,500000,1842607,1
1049,-10967.0,0.02,500000,1844607,0
1050,-17169.0,0.02,500000,1846607,0
1051,1595.0,0.02,500000,1846740,1
1052,1486.0,0.02,500000,1847374,1
1053,-5373.0,0.02,500000,1849374,0
1054,-1435.0,0.02,500000,1850740,1
1055,-4367.0,0.02,500000,1852740,0
1056,-5151.0,0.02,500000,1853410,1
1057,-11770.0,0.02,500000,1855410,0
1058,1580.0,0.02,500000,1855960,1
1059,-8567.0,0.02,500000,1857960,0
1060,-6460.0,0.02,500000,1859141,1
1061,-9767.0,0.02,500000,1861141,0
1062,-8767.0,0.02,500000,1863141,0
1063,-12969.0,0.02,500000,1865141,0
1064,2000.0,0.02,500000,1865261,1
1065,-6371.0,0.02,500000,1867261,0
1066,-16367.0,0.02,500000,1869261,0
1067,-8876.0,0.02,500000,1869468,1
1068,-5969.0,0.02,500000,1871468,0
1069,-6720.0,0.02,500000,1872718,1
1070,-10967.0,0.02,500000,1874718,0
1071,-16169.0,0.02,500000,1876718,0
1072,-10380.0,0.02,500000,1878718,0
1073,1315.0,0.02,500000,1879521,1
1074,-34448.0,0.02,500000,1881100,1
1075,-4983.0,0.02,500000,1883100,0
1076,-3870.0,0.02,500000,1885100,0
1077,-5767.0,0.02,500000,1887100,0
1078,-10370.0,0.02,500000,1889100,0
1079,-1769.0,0.02,500000,1890400,1
1080,-5567.0,0.02,500000,1892400,0
1081,-6769.0,0.02,500000,1894400,0
1082,-10181.0,0.02,500000,1896400,0
1083,980.0,0.02,500000,1896552,1
1084,2085.0,0.02,500000,1896579,1
1085,-1699.0,0.02,500000,1898192,1
1086,-104.0,0.02,500000,1899420,1
1087,-6017.0,0.02,500000,1900965,1
1088,-2605.0,0.02,500000,1902690,1
1089,-12369.0,0.02,500000,1904690,0
1090,-11174.0,0.02,500000,1906690,0
1091,1978.0,0.02,500000,1906842,1
1092,-10770.0,0.02,500000,1908842,0
1093,-9367.0,0.02,500000,1910842,0
1094,-9367.0,0.02,500000,1912842,0
1095,-15169.0,0.02,500000,1914842,0
1096,-6800.0,0.02,500000,1916842,0
1097,-8571.0,0.02,500000,1918842,0
1098,-7768.0,0.02,500000,1920842,0
1099,1658.0,0.02,500000,1921314,1
1100,-44571.0,0.02,500000,1923314,0
1101,-8187.0,0.02,500000,1925314,0
1102,1603.0,0.02,500000,1925843,1
1103,-2783.0,0.02,500000,1927843,0
1104,2093.0,0.02,500000,1927881,1
1105,-8367.0,0.02,500000,1929881,0
1106,-4131.0,0.02,500000,1930544,1
1107,-6579.0,0.02,500000,1932544,0
1108,-4787.0,0.02,500000,1934544,0
1109,-21468.0,0.02,500000,1936544,0
1110,-1641.0,0.02,500000,1937717,1
1111,2075.0,0.02,500000,1937771,1
1112,-569.0,0.02,500000,1938672,1
1113,-7568.0,0.02,500000,1940672,0
1114,-9185.0,0.02,500000,1942672,0
1115,-15579.0,0.02,500000,1944672,0
1116,-11967.0,0.02,500000,1946672,0
1117,-4970.0,0.02,500000,1948672,0
1118,45.0,0.02,500000,1949357,1
1119,-12767.0,0.02,500000,1951357,0
1120,1014.0,0.02,500000,1952075,1
1121,-19872.0,0.02,500000,1954075,0
1122,-19770.0,0.02,500000,1956075,0
1123,-9570.0,0.02,500000,1958075,0
1124,-6999.0,0.02,500000,1960006,1
1125,-23111.0,0.02,500000,1961649,1
1126,-4587.0,0.02,500000,1963649,0
1127,-10771.0,0.02,500000,1965649,0
1128,-10769.0,0.02,500000,1967649,0
1129,853.0,0.02,500000,1968523,1
1130,550.0,0.02,500000,1969102,1
1131,-14971.0,0.02,500000,1971102,0
1132,1726.0,0.02,500000,1971499,1
1133,-5967.0,0.02,500000,1973499,0
1134,-845.0,0.02,500000,1974476,1
1135,1626.0,0.02,500000,1974979,1
1136,-10369.0,0.02,500000,1976979,0
1137,32.0,0.02,500000,1977465,1
1138,-301.0,0.02,500000,1978297,1
1139,-14068.0,0.02,500000,1979893,1
1140,-3875.0,0.02,500000,1981893,0
1141,-18569.0,0.02,500000,1983893,0
1142,-14970.0,0.02,500000,1985893,0
1143,-2435.0,0.02,500000,1987242,1
1144,-255.0,0.02,500000,1988025,1
1145,-8977.0,0.02,500000,1990025,0
1146,1482.0,0.02,500000,1990266,1
1147,-13777.0,0.02,500000,1992266,0
1148,-11573.0,0.02,500000,1994266,0
1149,-8367.0,0.02,500000,1996266,0
1150,1792.0,0.02,500000,1996606,1
1151,-44891.0,0.02,500000,1997629,1
1152,-11970.0,0.02,500000,1999629,0
1153,-10369.0,0.02,500000,2001629,0
1154,-18567.0,0.02,500000,2003629,0
1155,-5375.0,0.02,500000,2004734,1
1156,-10387.0,0.02,500000,2006734,0
1157,-4767.0,0.02,500000,2008734,0
1158,-6977.0,0.02,500000,2010734,0
1159,365.0,0.02,500000,2011301,1
1160,-9183.0,0.02,500000,2012412,1
1161,-12769.0,0.02,500000,2014412,0
1162,-7387.0,0.02,500000,2016412,0
1163,-6367.0,0.02,500000,2018412,0
1164,1951.0,0.02,500000,2018592,1
1165,-10167.0,0.02,500000,2020592,0
1166,-5986.0,0.02,500000,2022592,0
1167,-5869.0,0.02,500000,2024592,0
1168,-3027.0,0.02,500000,2025951,1
1169,-3983.0,0.02,500000,2027951,0
1170,2105.0,0.02,500000,2027976,1
1171,1800.0,0.02,500000,2028308,1
1172,-29983.0,0.02,500000,2029405,1
1173,-3707.0,0.02,500000,2030244,1
1174,-6888.0,0.02,500000,2030861,1
1175,-2491.0,0.02,500000,2031082,1
1176,-8767.0,0.02,500000,2033082,0
1177,-7571.0,0.02,500000,2035082,0
1178,1316.0,0.02,500000,2035296,1
1179,-3579.0,0.02,500000,2037296,0
1180,1945.0,0.02,500000,2037481,1
1181,-2350.0,0.02,500000,2037763,1
1182,2035.0,0.02,500000,2037860,1
1183,-27490.0,0.02,500000,2039860,0
1184,-12967.0,0.02,500000,2041860,0
1185,-4367.0,0.02,500000,2043860,0
1186,-1249.0,0.02,500000,2045438,1
1187,-8170.0,0.02,500000,2047438,0
1188,-3967.0,0.02,500000,2049438,0
1189,-12781.0,0.02,500000,2051438,0
1190,-4379.0,0.02,500000,2053438,0
1191,-686.0,0.02,500000,2053655,1
1192,-18179.0,0.02,500000,2055655,0
1193,-6967.0,0.02,500000,2057655,0
1194,-8511.0,0.02,500000,2059498,1
1195,-22367.0,0.02,500000,2061498,0
1196,-10167.0,0.02,500000,2063498,0
1197,-18770.0,0.02,500000,2065498,0
1198,-7367.0,0.02,500000,2067498,0
1199,-4668.0,0.02,500000,2069498,0
1200,-3967.0,0.02,500000,2071498,0
1201,-1942.0,0.02,500000,2072565,1
1202,-161.0,0.02,500000,2073458,1
1203,-7581.0,0.02,500000,2075458,0
1204,-68670.0,0.02,500000,2077458,0
1205,-4981.0,0.02,500000,2079169,1
1206,-929.0,0.02,500000,2081028,1
1207,-4787.0,0.02,500000,2083028,0
1208,-10967.0,0.02,500000,2085028,0
1209,-10170.0,0.02,500000,2087028,0
1210,-8277.0,0.02,500000,2089028,0
1211,-1983.0,0.02,500000,2089342,1
1212,-13371.0,0.02,500000,2091342,0
1213,-7167.0,0.02,500000,2093342,0
1214,2025.0,0.02,500000,2093442,1
1215,-2753.0,0.02,500000,2094911,1
1216,-7979.0,0.02,500000,2096911,0
1217,-4767.0,0.02,500000,2098911,0
1218,239.0,0.02,500000,2099384,1
1219,1750.0,0.02,500000,2099746,1
1220,-3013.0,0.02,500000,2100291,1
1221,-3567.0,0.02,500000,2102291,0
1222,1783.0,0.02,500000,2102620,1
1223,322.0,0.02,500000,2103628,1
1224,-3967.0,0.02,500000,2105628,0
1225,-9572.0,0.02,500000,2107628,0
1226,-1202.0,0.02,500000,2107959,1
1227,-11767.0,0.02,500000,2109959,0
1228,-2567.0,0.02,500000,2111959,0
1229,-7576.0,0.02,500000,2113959,0
1230,-7864.0,0.02,500000,2114755,1
1231,-6569.0,0.02,500000,2116755,0
1232,-3168.0,0.02,500000,2118755,0
1233,1837.0,0.02,500000,2119030,1
1234,1945.0,0.02,500000,2119214,1
1235,-4167.0,0.02,500000,2121214,0
1236,-8381.0,0.02,500000,2123214,0
1237,-10371.0,0.02,500000,2125214,0
1238,-2738.0,0.02,500000,2126684,1
1239,-11168.0,0.02,500000,2128684,0
1240,-13170.0,0.02,500000,2130684,0
1241,-6771.0,0.02,500000,2132684,0
1242,2038.0,0.02,500000,2132754,1
1243,-5167.0,0.02,500000,2134754,0
1244,1779.0,0.02,500000,2135104,1
1245,-10170.0,0.02,500000,2137104,0
1246,-7680.0,0.02,500000,2139104,0
1247,-6169.0,0.02,500000,2141104,0
1248,-11579.0,0.02,500000,2143104,0
1249,-10571.0,0.02,500000,2145104,0
1250,-12770.0,0.02,500000,2147104,0
1251,-7400.0,0.02,500000,2149104,0
1252,-11167.0,0.02,500000,2151104,0
1253,-21967.0,0.02,500000,2153104,0
1254,-8771.0,0.02,500000,2155104,0
1255,-2768.0,0.02,500000,2157104,0
1256,1887.0,0.02,500000,2157341,1
1257,-25077.0,0.02,500000,2159341,0
1258,-8367.0,0.02,500000,2161341,0
1259,-4118.0,0.02,500000,2162591,1
1260,-2347.0,0.02,500000,2164259,1
1261,-20660.0,0.02,500000,2166247,1
1262,-11367.0,0.02,500000,2168247,0
1263,-10785.0,0.02,500000,2170247,0
1264,-4569.0,0.02,500000,2172247,0
1265,-8767.0,0.02,500000,2174247,0
1266,-1784.0,0.02,500000,2174560,1
1267,719.0,0.02,500000,2175167,1
1268,-10367.0,0.02,500000,2177167,0
1269,212.0,0.02,500000,2177685,1
1270,-4167.0,0.02,500000,2179685,0
1271,-10179.0,0.02,500000,2181685,0
1272,-5967.0,0.02,500000,2183685,0
1273,-13975.0,0.02,500000,2185685,0
1274,-133.0,0.02,500000,2186348,1
1275,-458.0,0.02,500000,2186724,1
1276,-9785.0,0.02,500000,2188724,0
1277,-8583.0,0.02,500000,2190724,0
1278,-17772.0,0.02,500000,2192724,0
1279,-5567.0,0.02,500000,2194724,0
1280,-13167.0,0.02,500000,2196724,0
1281,1704.0,0.02,500000,2197129,1
1282,-6169.0,0.02,500000,2199129,0
1283,-9986.0,0.02,500000,2201129,0
1284,-5545.0,0.02,500000,2201605,1
1285,1688.0,0.02,500000,2202046,1
1286,-3750.0,0.02,500000,2202721,1
1287,-4988.0,0.02,500000,2204721,0
1288,-2968.0,0.02,500000,2206721,0
1289,-4767.0,0.02,500000,2208721,0
1290,1287.0,0.02,500000,2209146,1
1291,-6773.0,0.02,500000,2211146,0
1292,-2602.0,0.02,500000,2212876,1
1293,-11970.0,0.02,500000,2214876,0
1294,-7779.0,0.02,500000,2216876,0
1295,-11767.0,0.02,500000,2218876,0
1296,1997.0,0.02,500000,2219009,1
1297,-16384.0,0.02,500000,2221009,0
1298,-7783.0,0.02,500000,2223009,0
1299,-12591.0,0.02,500000,2224519,1
1300,-4567.0,0.02,500000,2226519,0
1301,-5167.0,0.02,500000,2228519,0
1302,-5508.0,0.02,500000,2229957,1
1303,-2439.0,0.02,500000,2230327,1
1304,-11591.0,0.02,500000,2232239,1
1305,-8567.0,0.02,500000,2234239,0
1306,-5567.0,0.02,500000,2236239,0
1307,-8967.0,0.02,500000,2238239,0
1308,-3367.0,0.02,500000,2240239,0
1309,-11967.0,0.02,500000,2242239,0
1310,-186.0,0.02,500000,2242547,1
1311,-34434.0,0.02,500000,2244513,1
1312,-12367.0,0.02,500000,2246513,0
1313,-3367.0,0.02,500000,2248513,0
1314,-11368.0,0.02,500000,2250513,0
1315,-6370.0,0.02,500000,2252513,0
1316,-7985.0,0.02,500000,2254513,0
1317,-10873.0,0.02,500000,2256513,0
1318,-1593.0,0.02,500000,2257637,1
1319,-8367.0,0.02,500000,2259637,0
1320,-9169.0,0.02,500000,2261637,0
1321,1964.0,0.02,500000,2261803,1
1322,-16679.0,0.02,500000,2263803,0
1323,-1278.0,0.02,500000,2265013,1
1324,-6767.0,0.02,500000,2267013,0
1325,-954.0,0.02,500000,2268499,1
1326,-7585.0,0.02,500000,2270499,0
1327,-7367.0,0.02,500000,2272499,0
1328,1176.0,0.02,500000,2272638,1
1329,1128.0,0.02,500000,2273240,1
1330,-8571.0,0.02,500000,2275240,0
1331,1999.0,0.02,500000,2275371,1
1332,-6385.0,0.02,500000,2277371,0
1333,-2896.0,0.02,500000,2278597,1
1334,-17790.0,0.02,500000,2280299,1
1335,-1690.0,0.02,500000,2281521,1
1336,-14167.0,0.02,500000,2283521,0
1337,-22170.0,0.02,500000,2285521,0
1338,-9367.0,0.02,500000,2287406,1
1339,1766.0,0.02,500000,2287767,1
1340,-3599.0,0.02,500000,2289698,1
1341,-12400.0,0.02,500000,2291698,0
1342,-9371.0,0.02,500000,2293698,0
1343,-4769.0,0.02,500000,2295698,0
1344,-35672.0,0.02,500000,2297698,0
1345,-15389.0,0.02,500000,2299698,0
1346,790.0,0.02,500000,2300017,1
1347,1509.0,0.02,500000,2300220,1
1348,-8568.0,0.02,500000,2302220,0
1349,1809.0,0.02,500000,2302539,1
1350,1779.0,0.02,500000,2302891,1
1351,-2567.0,0.02,500000,2304891,0
1352,-8568.0,0.02,500000,2306891,0
1353,-3168.0,0.02,500000,2308891,0
1354,-10404.0,0.02,500000,2309826,1
1355,-3098.0,0.02,500000,2310456,1
1356,-418.0,0.02,500000,2311206,1
1357,-608.0,0.02,500000,2311935,1
1358,-99.0,0.02,500000,2312358,1
1359,1799.0,0.02,500000,2312674,1
1360,2075.0,0.02,500000,2312717,1
1361,-9118.0,0.02,500000,2314346,1
1362,947.0,0.02,500000,2314527,1
1363,2012.0,0.02,500000,2314625,1
1364,-5569.0,0.02,500000,2316625,0
1365,-25167.0,0.02,500000,2318625,0
1366,1826.0,0.02,500000,2318929,1
1367,1299.0,0.02,500000,2319151,1
1368,-12967.0,0.02,500000,2321151,0
1369,-15187.0,0.02,500000,2323151,0
1370,-12371.0,0.02,500000,2325151,0
1371,-8699.0,0.02,500000,2325362,1
1372,-9167.0,0.02,500000,2327362,0
1373,-9767.0,0.02,500000,2329362,0
1374,-6770.0,0.02,500000,2331362,0
1375,-2102.0,0.02,500000,2332592,1
1376,-12767.0,0.02,500000,2334592,0
1377,-10170.0,0.02,500000,2336592,0
1378,491.0,0.02,500000,2337231,1
1379,-8168.0,0.02,500000,2339231,0
1380,178.0,0.02,500000,2339384,1
1381,-9767.0,0.02,500000,2341384,0
1382,-12186.0,0.02,500000,2343384,0
1383,-6167.0,0.02,500000,2345384,0
1384,-27269.0,0.02,500000,2347384,0
1385,-4169.0,0.02,500000,2349384,0
1386,1887.0,0.02,500000,2349620,1
1387,1953.0,0.02,500000,2349795,1
1388,-7368.0,0.02,500000,2351795,0
1389,-11584.0,0.02,500000,2353795,0
1390,-6575.0,0.02,500000,2355795,0
1391,-6174.0,0.02,500000,2357795,0
1392,-5367.0,0.02,500000,2359795,0
1393,-16971.0,0.02,500000,2361795,0
1394,-4769.0,0.02,500000,2363795,0
1395,-1733.0,0.02,500000,2364460,1
1396,-14379.0,0.02,500000,2366460,0
1397,-7567.0,0.02,500000,2368460,0
1398,-11998.0,0.02,500000,2369784,1
1399,1641.0,0.02,500000,2370259,1
1400,-6923.0,0.02,500000,2371913,1
1401,-7369.0,0.02,500000,2373913,0
1402,-4479.0,0.02,500000,2374722,1
1403,-41.0,0.02,500000,2374893,1
1404,-9379.0,0.02,500000,2376893,0
1405,-64072.0,0.02,500000,2378893,0
1406,-1310.0,0.02,500000,2379335,1
1407,-7567.0,0.02,500000,2381335,0
1408,-5771.0,0.02,500000,2382437,1
1409,-4967.0,0.02,500000,2384437,0
1410,-6910.0,0.02,500000,2385679,1
1411,-5769.0,0.02,500000,2387679,0
1412,-8767.0,0.02,500000,2389679,0
1413,-9371.0,0.02,500000,2391679,0
1414,-3570.0,0.02,500000,2393679,0
1415,-22371.0,0.02,500000,2395679,0
1416,-7171.0,0.02,500000,2397679,0
1417,2018.0,0.02,500000,2397787,1
1418,99.0,0.02,500000,2397816,1
1419,-6039.0,0.02,500000,2398369,1
1420,-9167.0,0.02,500000,2400369,0
1421,-11171.0,0.02,500000,2402369,0
1422,-4969.0,0.02,500000,2404369,0
1423,1935.0,0.02,500000,2404562,1
1424,-6567.0,0.02,500000,2406562,0
1425,-6769.0,0.02,500000,2408562,0
1426,-3968.0,0.02,500000,2410562,0
1427,-12175.0,0.02,500000,2412562,0
1428,-17577.0,0.02,500000,2414562,0
1429,-17168.0,0.02,500000,2416562,0
1430,-14369.0,0.02,500000,2418562,0
1431,1368.0,0.02,500000,2418724,1
1432,-3570.0,0.02,500000,2420724,0
1433,1912.0,0.02,500000,2420942,1
1434,2026.0,0.02,500000,2421048,1
1435,-6381.0,0.02,500000,2423048,0
1436,-18173.0,0.02,500000,2425048,0
1437,808.0,0.02,500000,2425972,1
1438,-9568.0,0.02,500000,2427972,0
1439,-5270.0,0.02,500000,2429972,0
1440,-6874.0,0.02,500000,2430969,1
1441,-11268.0,0.02,500000,2432969,0
1442,-19270.0,0.02,500000,2434969,0
1443,-7367.0,0.02,500000,2436969,0
1444,-2369.0,0.02,500000,2438969,0
1445,-5967.0,0.02,500000,2440969,0
1446,-544.0,0.02,500000,2441645,1
1447,-2156.0,0.02,500000,2443127,1
1448,-10973.0,0.02,500000,2445127,0
1449,-8767.0,0.02,500000,2447127,0
1450,-858.0,0.02,500000,2448506,1
1451,-8994.0,0.02,500000,2450506,0
1452,1982.0,0.02,500000,2450656,1
1453,-6976.0,0.02,500000,2452656,0
1454,-8767.0,0.02,500000,2454656,0
1455,-14784.0,0.02,500000,2456656,0
1456,-9438.0,0.02,500000,2458010,1
1457,-2771.0,0.02,500000,2460010,0
1458,-5171.0,0.02,500000,2462010,0
1459,-6367.0,0.02,500000,2464010,0
1460,-7367.0,0.02,500000,2466010,0
1461,-5367.0,0.02,500000,2468010,0
1462,-6567.0,0.02,500000,2470010,0
1463,-553.0,0.02,500000,2470495,1
1464,-5570.0,0.02,500000,2472495,0
1465,666.0,0.02,500000,2472960,1
1466,-3770.0,0.02,500000,2474960,0
1467,-10779.0,0.02,500000,2476960,0
1468,-372.0,0.02,500000,2477464,1
1469,1902.0,0.02,500000,2477674,1
1470,-6179.0,0.02,500000,2479674,0
1471,-4182.0,0.02,500000,2481674,0
1472,-3773.0,0.02,500000,2483674,0
1473,-6767.0,0.02,500000,2485674,0
1474,-3571.0,0.02,500000,2487674,0
1475,-8777.0,0.02,500000,2489674,0
1476,-5367.0,0.02,500000,2491674,0
1477,1898.0,0.02,500000,2491908,1
1478,-7167.0,0.02,500000,2493908,0
1479,1045.0,0.02,500000,2494190,1
1480,-2769.0,0.02,500000,2496190,0
1481,244.0,0.02,500000,2496456,1
1482,1920.0,0.02,500000,2496668,1
1483,-9167.0,0.02,500000,2498668,0
1484,-3521.0,0.02,500000,2499917,1
1485,-3993.0,0.02,500000,2501630,1
1486,-5769.0,0.02,500000,2503630,0
1487,-8579.0,0.02,500000,2505630,0
1488,-4767.0,0.02,500000,2507630,0
1489,-14167.0,0.02,500000,2509630,0
1490,-11371.0,0.02,500000,2511630,0
1491,-10170.0,0.02,500000,2513630,0
1492,-10970.0,0.02,500000,2515630,0
1493,-7585.0,0.02,500000,2517630,0
1494,909.0,0.02,500000,2518051,1
1495,354.0,0.02,500000,2519017,1
1496,1899.0,0.02,500000,2519247,1
1497,-730.0,0.02,500000,2520305,1
1498,-8369.0,0.02,500000,2522305,0
1499,2037.0,0.02,500000,2522400,1
1500,-10168.0,0.02,500000,2524400,0
1501,-5569.0,0.02,500000,2526400,0
1502,-6767.0,0.02,500000,2528400,0
1503,-3967.0,0.02,500000,2530400,0
1504,-4367.0,0.02,500000,2532400,0
1505,-6783.0,0.02,500000,2534400,0
1506,-2750.0,0.02,500000,2535277,1
1507,-4971.0,0.02,500000,2537277,0
1508,-1685.0,0.02,500000,2538492,1
1509,-8781.0,0.02,500000,2540492,0
1510,-8223.0,0.02,500000,2541845,1
1511,1045.0,0.02,500000,2542312,1
1512,-7367.0,0.02,500000,2544312,0
1513,1233.0,0.02,500000,2544809,1
1514,-2580.0,0.02,500000,2546521,1
1515,-3167.0,0.02,500000,2548521,0
1516,-7000.0,0.02,500000,2550521,0
1517,-14372.0,0.02,500000,2552521,0
1518,1126.0,0.02,500000,2553526,1
1519,1109.0,0.02,500000,2553737,1
1520,-9771.0,0.02,500000,2555737,0
1521,-92.0,0.02,500000,2556959,1
1522,-2827.0,0.02,500000,2558518,1
1523,-22878.0,0.02,500000,2560518,0
1524,-8049.0,0.02,500000,2562296,1
1525,1828.0,0.02,500000,2562598,1
1526,1656.0,0.02,500000,2563074,1
1527,-9967.0,0.02,500000,2565074,0
1528,-8369.0,0.02,500000,2567074,0
1529,-7572.0,0.02,500000,2569074,0
1530,-23588.0,0.02,500000,2571074,0
1531,-4837.0,0.02,500000,2572443,1
1532,-5967.0,0.02,500000,2574443,0
1533,-7367.0,0.02,500000,2576443,0
1534,-8367.0,0.02,500000,2578443,0
1535,-6767.0,0.02,500000,2580443,0
1536,-10967.0,0.02,500000,2582443,0
1537,-7970.0,0.02,500000,2584443,0
1538,-10771.0,0.02,500000,2586443,0
1539,-3346.0,0.02,500000,2587519,1
1540,-7169.0,0.02,500000,2589519,0
1541,1223.0,0.02,500000,2589819,1
1542,-8567.0,0.02,500000,2591819,0
1543,-9767.0,0.02,500000,2593819,0
1544,-11971.0,0.02,500000,2595819,0
1545,-548.0,0.02,500000,2596891,1
1546,1670.0,0.02,500000,2597353,1
1547,-2985.0,0.02,500000,2599353,0
1548,-5970.0,0.02,500000,2601353,0
1549,-7168.0,0.02,500000,2603353,0
1550,357.0,0.02,500000,2603926,1
1551,-3967.0,0.02,500000,2605926,0
1552,-5967.0,0.02,500000,2607926,0
1553,-3967.0,0.02,500000,2609926,0
1554,-3028.0,0.02,500000,2610680,1
1555,-6370.0,0.02,500000,2612680,0
1556,-4367.0,0.02,500000,2614680,0
1557,1969.0,0.02,500000,2614821,1
1558,-4169.0,0.02,500000,2616821,0
1559,-6583.0,0.02,500000,2618821,0
1560,-6771.0,0.02,500000,2620821,0
1561,-5975.0,0.02,500000,2622821,0
1562,-7169.0,0.02,500000,2624821,0
1563,-7167.0,0.02,500000,2626821,0
1564,-8779.0,0.02,500000,2628821,0
1565,-6874.0,0.02,500000,2630821,0
1566,-5967.0,0.02,500000,2632821,0
1567,1990.0,0.02,500000,2632963,1
1568,-18468.0,0.02,500000,2634963,0
1569,-732.0,0.02,500000,2636626,1
1570,-7370.0,0.02,500000,2638626,0
1571,-4619.0,0.02,500000,2639777,1
1572,-5567.0,0.02,500000,2641777,0
1573,791.0,0.02,500000,2642516,1
1574,-7873.0,0.02,500000,2643507,1
1575,-8769.0,0.02,500000,2645507,0
1576,-3769.0,0.02,500000,2647507,0
1577,-24776.0,0.02,500000,2649507,0
1578,-7170.0,0.02,500000,2651507,0
1579,-3967.0,0.02,500000,2653507,0
1580,469.0,0.02,500000,2654364,1
1581,-3569.0,0.02,500000,2656364,0
1582,-8167.0,0.02,500000,2658364,0
1583,-5983.0,0.02,500000,2660364,0
1584,-4569.0,0.02,500000,2662364,0
1585,-2735.0,0.02,500000,2663411,1
1586,-3581.0,0.02,500000,2665411,0
1587,-7167.0,0.02,500000,2667411,0
1588,1894.0,0.02,500000,2667648,1
1589,-33669.0,0.02,500000,2669648,0
1590,-12183.0,0.02,500000,2671648,0
1591,1916.0,0.02,500000,2671860,1
1592,-1302.0,0.02,500000,2672291,1
1593,-7167.0,0.02,500000,2674291,0
1594,-8369.0,0.02,500000,2676291,0
1595,419.0,0.02,500000,2677602,1
1596,762.0,0.02,500000,2678366,1
1597,-10969.0,0.02,500000,2680366,0
1598,1724.0,0.02,500000,2680771,1
1599,-1048.0,0.02,500000,2681549,1
1600,-7189.0,0.02,500000,2683549,0
1601,1628.0,0.02,500000,2684051,1
1602,73.0,0.02,500000,2684690,1
1603,-8167.0,0.02,500000,2686690,0
1604,-15367.0,0.02,500000,2688690,0
1605,1442.0,0.02,500000,2688964,1
1606,-5185.0,0.02,500000,2690964,0
1607,-6778.0,0.02,500000,2692964,0
1608,-19893.0,0.02,500000,2693980,1
1609,-10043.0,0.02,500000,2695348,1
1610,-5971.0,0.02,500000,2697348,0
1611,-25567.0,0.02,500000,2699348,0
1612,-7167.0,0.02,500000,2701348,0
1613,-5383.0,0.02,500000,2703348,0
1614,-4587.0,0.02,500000,2705348,0
1615,-10985.0,0.02,500000,2707348,0
1616,-8767.0,0.02,500000,2709348,0
1617,-4569.0,0.02,500000,2711348,0
1618,-7869.0,0.02,500000,2713348,0
1619,1684.0,0.02,500000,2713785,1
1620,232.0,0.02,500000,2715285,1
1621,-23187.0,0.02,500000,2717285,0
1622,-4779.0,0.02,500000,2719285,0
1623,-9779.0,0.02,500000,2721285,0
1624,-13967.0,0.02,500000,2723285,0
1625,-7171.0,0.02,500000,2725285,0
1626,-6570.0,0.02,500000,2727285,0
1627,-15367.0,0.02,500000,2729285,0
1628,-5848.0,0.02,500000,2730658,1
1629,-6967.0,0.02,500000,2732658,0
1630,-11571.0,0.02,500000,2734658,0
1631,-7970.0,0.02,500000,2736658,0
1632,-1820.0,0.02,500000,2737010,1
1633,-5301.0,0.02,500000,2738240,1
1634,-5767.0,0.02,500000,2740240,0
1635,-10514.0,0.02,500000,2741279,1
1636,-14169.0,0.02,500000,2743279,0
1637,954.0,0.02,500000,2744055,1
1638,2007.0,0.02,500000,2744168,1
1639,-8778.0,0.02,500000,2746168,0
1640,-402.0,0.02,500000,2747484,1
1641,-7767.0,0.02,500000,2749484,0
1642,1678.0,0.02,500000,2749938,1
1643,-2628.0,0.02,500000,2750698,1
1644,-2767.0,0.02,500000,2752698,0
1645,-5167.0,0.02,500000,2754698,0
1646,-2769.0,0.02,500000,2756698,0
1647,-10168.0,0.02,500000,2758698,0
1648,-2917.0,0.02,500000,2760338,1
1649,-7567.0,0.02,500000,2762338,0
1650,-8188.0,0.02,500000,2764338,0
1651,-2025.0,0.02,500000,2766095,1
1652,1916.0,0.02,500000,2766307,1
1653,-9167.0,0.02,500000,2768307,0
1654,-4967.0,0.02,500000,2770307,0
1655,-11967.0,0.02,500000,2772307,0
1656,-3987.0,0.02,500000,2774307,0
1657,1862.0,0.02,500000,2774575,1
1658,-17868.0,0.02,500000,2776575,0
1659,-4567.0,0.02,500000,2778575,0
1660,-7371.0,0.02,500000,2780575,0
1661,-7970.0,0.02,500000,2782575,0
1662,-14075.0,0.02,500000,2784575,0
1663,-3967.0,0.02,500000,2786575,0
1664,-1971.0,0.02,500000,2788575,0
1665,-3983.0,0.02,500000,2790575,0
1666,-6387.0,0.02,500000,2792575,0
1667,-4568.0,0.02,500000,2794575,0
1668,-8369.0,0.02,500000,2796575,0
1669,-10767.0,0.02,500000,2798575,0
1670,-4969.0,0.02,500000,2800575,0
1671,-2039.0,0.02,500000,2801343,1
1672,-8767.0,0.02,500000,2803343,0
1673,-2998.0,0.02,500000,2804867,1
1674,-5577.0,0.02,500000,2806867,0
1675,-16773.0,0.02,500000,2808867,0
1676,-12967.0,0.02,500000,2810867,0
1677,-4548.0,0.02,500000,2812545,1
1678,-4387.0,0.02,500000,2814545,0
1679,2013.0,0.02,500000,2814664,1
1680,-6367.0,0.02,500000,2816664,0
1681,-4367.0,0.02,500000,2818664,0
1682,-1807.0,0.02,500000,2819380,1
1683,-213.0,0.02,500000,2820321,1
1684,-16767.0,0.02,500000,2822321,0
1685,-4167.0,0.02,500000,2824321,0
1686,-8345.0,0.02,500000,2825798,1
1687,-8967.0,0.02,500000,2827798,0
1688,2012.0,0.02,500000,2827916,1
1689,-6369.0,0.02,500000,2829916,0
1690,-5775.0,0.02,500000,2831916,0
1691,-20568.0,0.02,500000,2833916,0
1692,-7968.0,0.02,500000,2835916,0
1693,1817.0,0.02,500000,2836231,1
1694,-576.0,0.02,500000,2837136,1
1695,-7470.0,0.02,500000,2839136,0
1696,-8568.0,0.02,500000,2841136,0
1697,-9770.0,0.02,500000,2843136,0
1698,-11579.0,0.02,500000,2845136,0
1699,960.0,0.02,500000,2846307,1
1700,-702.0,0.02,500000,2847739,1
1701,-6167.0,0.02,500000,2849739,0
1702,-8767.0,0.02,500000,2851739,0
1703,-3580.0,0.02,500000,2853739,0
1704,-823.0,0.02,500000,2854283,1
1705,-8967.0,0.02,500000,2856283,0
1706,-1708.0,0.02,500000,2857521,1
1707,-4580.0,0.02,500000,2859521,0
1708,-31970.0,0.02,500000,2861521,0
1709,-10169.0,0.02,500000,2863521,0
1710,-11571.0,0.02,500000,2865521,0
1711,-18708.0,0.02,500000,2866961,1
1712,-5969.0,0.02,500000,2868961,0
1713,-7967.0,0.02,500000,2870961,0
1714,-4567.0,0.02,500000,2872961,0
1715,-7767.0,0.02,500000,2874961,0
1716,-3979.0,0.02,500000,2876961,0
1717,-4168.0,0.02,500000,2878961,0
1718,-7569.0,0.02,500000,2880961,0
1719,-6184.0,0.02,500000,2882961,0
1720,-3318.0,0.02,500000,2883811,1
1721,1861.0,0.02,500000,2884079,1
1722,-7968.0,0.02,500000,2886079,0
1723,-10367.0,0.02,500000,2888079,0
1724,-12587.0,0.02,500000,2890079,0
1725,-1519.0,0.02,500000,2891330,1
1726,-11672.0,0.02,500000,2893330,0
1727,-953.0,0.02,500000,2894813,1
1728,-8167.0,0.02,500000,2896813,0
1729,-4003.0,0.02,500000,2897946,1
1730,-7482.0,0.02,500000,2899946,0
1731,-9567.0,0.02,500000,2901946,0
1732,-3168.0,0.02,500000,2903946,0
1733,-5169.0,0.02,500000,2905946,0
1734,-6282.0,0.02,500000,2907946,0
1735,1798.0,0.02,500000,2908276,1
1736,-23069.0,0.02,500000,2910276,0
1737,-12567.0,0.02,500000,2912276,0
1738,-5569.0,0.02,500000,2914276,0
1739,-2035.0,0.02,500000,2916243,1
1740,-1813.0,0.02,500000,2917987,1
1741,-9378.0,0.02,500000,2919987,0
1742,-3369.0,0.02,500000,2921987,0
1743,-3983.0,0.02,500000,2923987,0
1744,1294.0,0.02,500000,2924223,1
1745,-4569.0,0.02,500000,2926223,0
1746,-5367.0,0.02,500000,2928223,0
1747,-1971.0,0.02,500000,2930223,0
1748,-12169.0,0.02,500000,2932223,0
1749,1541.0,0.02,500000,2932803,1
1750,-5568.0,0.02,500000,2934803,0
1751,-3368.0,0.02,500000,2936803,0
1752,-21468.0,0.02,500000,2938803,0
1753,-5367.0,0.02,500000,2940803,0
1754,-8175.0,0.02,500000,2942803,0
1755,-3367.0,0.02,500000,2944803,0
1756,-8769.0,0.02,500000,2946803,0
1757,162.0,0.02,500000,2947566,1
1758,-17583.0,0.02,500000,2949566,0
1759,-10371.0,0.02,500000,2951566,0
1760,-2986.0,0.02,500000,2953566,0
1761,-8780.0,0.02,500000,2955566,0
1762,-16971.0,0.02,500000,2957566,0
1763,1204.0,0.02,500000,2958094,1
1764,745.0,0.02,500000,2958278,1
1765,-8571.0,0.02,500000,2960278,0
1766,-8481.0,0.02,500000,2961491,1
1767,-7771.0,0.02,500000,2963491,0
1768,801.0,0.02,500000,2964221,1
1769,-7569.0,0.02,500000,2966221,0
1770,-7367.0,0.02,500000,2968221,0
1771,-8787.0,0.02,500000,2970221,0
1772,-10775.0,0.02,500000,2972221,0
1773,-5767.0,0.02,500000,2974221,0
1774,-6179.0,0.02,500000,2976221,0
1775,-10088.0,0.02,500000,2978221,0
1776,1781.0,0.02,500000,2978551,1
1777,-3392.0,0.02,500000,2979873,1
1778,1123.0,0.02,500000,2980278,1
1779,-6373.0,0.02,500000,2982278,0
1780,-5389.0,0.02,500000,2983198,1
1781,-2872.0,0.02,500000,2985198,0
1782,-6432.0,0.02,500000,2987161,1
1783,-352.0,0.02,500000,2987641,1
1784,1111.0,0.02,500000,2988662,1
1785,1955.0,0.02,500000,2988837,1
1786,-3167.0,0.02,500000,2990837,0
1787,-6172.0,0.02,500000,2992837,0
1788,-5169.0,0.02,500000,2994837,0
1789,-5573.0,0.02,500000,2996837,0
1790,-4269.0,0.02,500000,2998837,0
1791,-6783.0,0.02,500000,3000837,0
1792,-8976.0,0.02,500000,3002837,0
1793,-7653.0,0.02,500000,3004618,1
1794,-3548.0,0.02,500000,3005498,1
1795,1970.0,0.02,500000,3005656,1
1796,-7171.0,0.02,500000,3007656,0
1797,-6792.0,0.02,500000,3008580,1
1798,-6213.0,0.02,500000,3009312,1
1799,1152.0,0.02,500000,3009684,1
1800,-5065.0,0.02,500000,3010477,1
1801,-1044.0,0.02,500000,3011053,1
1802,-6579.0,0.02,500000,3013053,0
1803,-5971.0,0.02,500000,3015053,0
1804,-3341.0,0.02,500000,3015925,1
1805,-8767.0,0.02,500000,3017925,0
1806,-7767.0,0.02,500000,3019925,0
1807,563.0,0.02,500000,3020494,1
1808,-2428.0,0.02,500000,3022254,1
1809,-9488.0,0.02,500000,3024254,0
1810,-12769.0,0.02,500000,3026254,0
1811,-4387.0,0.02,500000,3028254,0
1812,-25268.0,0.02,500000,3030254,0
1813,-14776.0,0.02,500000,3032254,0
1814,-7582.0,0.02,500000,3034254,0
1815,-16978.0,0.02,500000,3036254,0
1816,-6050.0,0.02,500000,3037436,1
1817,-39268.0,0.02,500000,3039436,0
1818,-5371.0,0.02,500000,3041436,0
1819,-8168.0,0.02,500000,3043436,0
1820,-6688.0,0.02,500000,3045436,0
1821,-5367.0,0.02,500000,3047436,0
1822,-4468.0,0.02,500000,3049436,0
1823,-24171.0,0.02,500000,3051436,0
1824,-4771.0,0.02,500000,3053436,0
1825,-2969.0,0.02,500000,3055436,0
1826,-5170.0,0.02,500000,3057436,0
1827,-2768.0,0.02,500000,3059436,0
1828,-14157.0,0.02,500000,3060723,1
1829,-6367.0,0.02,500000,3062723,0
1830,-1211.0,0.02,500000,3064258,1
1831,-4971.0,0.02,500000,3066258,0
1832,-9574.0,0.02,500000,3067562,1
1833,-2327.0,0.02,500000,3069208,1
1834,-8172.0,0.02,500000,3071208,0
1835,-4570.0,0.02,500000,3073208,0
1836,-3167.0,0.02,500000,3075208,0
1837,-4373.0,0.02,500000,3077208,0
1838,-9367.0,0.02,500000,3079208,0
1839,-5969.0,0.02,500000,3081208,0
1840,924.0,0.02,500000,3081612,1
1841,-4587.0,0.02,500000,3083612,0
1842,-1973.0,0.02,500000,3085612,0
1843,-5969.0,0.02,500000,3087612,0
1844,-5382.0,0.02,500000,3089612,0
1845,-7668.0,0.02,500000,3091612,0
1846,-57.0,0.02,500000,3092601,1
1847,-6167.0,0.02,500000,3094601,0
1848,-3567.0,0.02,500000,3096601,0
1849,-7976.0,0.02,500000,3098601,0
1850,-9167.0,0.02,500000,3100601,0
1851,-9169.0,0.02,500000,3102601,0
1852,-5569.0,0.02,500000,3104601,0
1853,-10278.0,0.02,500000,3106601,0
1854,-3567.0,0.02,500000,3108601,0
1855,-4133.0,0.02,500000,3109264,1
1856,-2567.0,0.02,500000,3111264,0
1857,-8767.0,0.02,500000,3113264,0
1858,-2971.0,0.02,500000,3115264,0
1859,-6369.0,0.02,500000,3117264,0
1860,-18252.0,0.02,500000,3117848,1
1861,-7387.0,0.02,500000,3119848,0
1862,168.0,0.02,500000,3120612,1
1863,-7172.0,0.02,500000,3122612,0
1864,-6967.0,0.02,500000,3124612,0
1865,-6567.0,0.02,500000,3126612,0
1866,-6367.0,0.02,500000,3128612,0
1867,1956.0,0.02,500000,3128788,1
1868,-426.0,0.02,500000,3129946,1
1869,-18172.0,0.02,500000,3131946,0
1870,-15573.0,0.02,500000,3133946,0
1871,-4569.0,0.02,500000,3135946,0
1872,-12084.0,0.02,500000,3137946,0
1873,-3468.0,0.02,500000,3139946,0
1874,146.0,0.02,500000,3140532,1
1875,-12682.0,0.02,500000,3142532,0
1876,-3579.0,0.02,500000,3144532,0
1877,-6771.0,0.02,500000,3146532,0
1878,-6567.0,0.02,500000,3148532,0
1879,1847.0,0.02,500000,3148817,1
1880,-341.0,0.02,500000,3149087,1
1881,-4987.0,0.02,500000,3151087,0
1882,-6567.0,0.02,500000,3153087,0
1883,-5174.0,0.02,500000,3155087,0
1884,-1946.0,0.02,500000,3156365,1
1885,-5169.0,0.02,500000,3158365,0
1886,-12579.0,0.02,500000,3160365,0
1887,-6771.0,0.02,500000,3162365,0
1888,-8785.0,0.02,500000,3164365,0
1889,-5180.0,0.02,500000,3166365,0
1890,-10171.0,0.02,500000,3168365,0
1891,-8967.0,0.02,500000,3170365,0
1892,-19968.0,0.02,500000,3172365,0
1893,-6171.0,0.02,500000,3174365,0
1894,-4767.0,0.02,500000,3176365,0
1895,-6583.0,0.02,500000,3178365,0
1896,-5101.0,0.02,500000,3179598,1
1897,-3491.0,0.02,500000,3180817,1
1898,-4984.0,0.02,500000,3182817,0
1899,-3583.0,0.02,500000,3184817,0
1900,-5367.0,0.02,500000,3186817,0
1901,-19072.0,0.02,500000,3188817,0
1902,-3176.0,0.02,500000,3190817,0
1903,-10167.0,0.02,500000,3192817,0
1904,1260.0,0.02,500000,3193689,1
1905,-5668.0,0.02,500000,3195689,0
1906,-5779.0,0.02,500000,3197689,0
1907,-2866.0,0.02,500000,3198687,1
1908,-8771.0,0.02,500000,3200687,0
1909,-11970.0,0.02,500000,3202687,0
1910,-3367.0,0.02,500000,3204687,0
1911,-2769.0,0.02,500000,3206687,0
1912,-1981.0,0.02,500000,3208687,0
1913,-1239.0,0.02,500000,3209658,1
1914,-18567.0,0.02,500000,3211658,0
1915,-34877.0,0.02,500000,3213658,0
1916,-5567.0,0.02,500000,3215658,0
1917,-8668.0,0.02,500000,3217658,0
1918,-8767.0,0.02,500000,3219658,0
1919,-16967.0,0.02,500000,3221658,0
1920,-9779.0,0.02,500000,3223658,0
1921,-4967.0,0.02,500000,3225658,0
1922,-4176.0,0.02,500000,3227658,0
1923,-9372.0,0.02,500000,3229658,0
1924,-6387.0,0.02,500000,3231658,0
1925,-7979.0,0.02,500000,3233658,0
1926,-13367.0,0.02,500000,3235658,0
1927,-9167.0,0.02,500000,3237658,0
1928,-7781.0,0.02,500000,3239658,0
1929,-1498.0,0.02,500000,3240484,1
1930,-9567.0,0.02,500000,3242484,0
1931,-4499.0,0.02,500000,3243911,1
1932,-8767.0,0.02,500000,3245911,0
1933,646.0,0.02,500000,3246595,1
1934,-11367.0,0.02,500000,3248595,0
1935,-8367.0,0.02,500000,3250595,0
1936,1772.0,0.02,500000,3250948,1
1937,2046.0,0.02,500000,3251031,1
1938,-6570.0,0.02,500000,3253031,0
1939,-4767.0,0.02,500000,3255031,0
1940,-12268.0,0.02,500000,3257031,0
1941,784.0,0.02,500000,3257570,1
1942,-7973.0,0.02,500000,3259570,0
1943,-8571.0,0.02,500000,3261570,0
1944,-5269.0,0.02,500000,3263570,0
1945,-8783.0,0.02,500000,3265570,0
1946,-5868.0,0.02,500000,3267570,0
1947,-18869.0,0.02,500000,3269570,0
1948,-6768.0,0.02,500000,3271570,0
1949,-8767.0,0.02,500000,3273570,0
1950,-2354.0,0.02,500000,3274856,1
1951,-2775.0,0.02,500000,3276856,0
1952,-3567.0,0.02,500000,3278856,0
1953,-10576.0,0.02,500000,3280856,0
1954,-14579.0,0.02,500000,3282856,0
1955,-3179.0,0.02,500000,3284856,0
1956,1834.0,0.02,500000,3285154,1
1957,-5767.0,0.02,500000,3287154,0
1958,-8971.0,0.02,500000,3289154,0
1959,-6167.0,0.02,500000,3291154,0
1960,-9768.0,0.02,500000,3293154,0
1961,1871.0,0.02,500000,3293414,1
1962,-10970.0,0.02,500000,3295414,0
1963,-10569.0,0.02,500000,3297414,0
1964,-423.0,0.02,500000,3299168,1
1965,-2970.0,0.02,500000,3301168,0
1966,-4367.0,0.02,500000,3303168,0
1967,-3187.0,0.02,500000,3305168,0
1968,-3672.0,0.02,500000,3307168,0
1969,-4779.0,0.02,500000,3309168,0
1970,-5167.0,0.02,500000,3311168,0
1971,1376.0,0.02,500000,3311922,1
1972,-13468.0,0.02,500000,3313922,0
1973,-8681.0,0.02,500000,3315533,1
1974,-10268.0,0.02,500000,3317533,0
1975,-4310.0,0.02,500000,3318775,1
1976,-7969.0,0.02,500000,3320775,0
1977,-5468.0,0.02,500000,3322775,0
1978,-6571.0,0.02,500000,3324775,0
1979,-3369.0,0.02,500000,3326775,0
1980,-35270.0,0.02,500000,3328775,0
1981,-12569.0,0.02,500000,3330775,0
1982,-4367.0,0.02,500000,3332775,0
1983,-10967.0,0.02,500000,3334775,0
1984,-2673.0,0.02,500000,3336775,0
1985,-7172.0,0.02,500000,3338775,0
1986,-8485.0,0.02,500000,3340775,0
1987,-2969.0,0.02,500000,3342775,0
1988,-3971.0,0.02,500000,3344775,0
1989,-7775.0,0.02,500000,3346775,0
1990,-60.0,0.02,500000,3347767,1
1991,-7777.0,0.02,500000,3349767,0
1992,-3002.0,0.02,500000,3350701,1
1993,-1969.0,0.02,500000,3352701,0
1994,1945.0,0.02,500000,3352869,1
1995,-1967.0,0.02,500000,3354869,0
1996,-5.0,0.02,500000,3355805,1
1997,-3169.0,0.02,500000,3357805,0
1998,-5384.0,0.02,500000,3359805,0
1999,-1887.0,0.02,500000,3361805,0
2000,-7569.0,0.02,500000,3363805,0
